run_id,sweep_value,seed,duration_ms,ecosystem.Inter-DAO Proposal Count,ecosystem.Inter-DAO Proposal Success Rate,ecosystem.Collaboration Proposal Rate,ecosystem.Treaty Proposal Rate,ecosystem.Resource Sharing Rate,ecosystem.Joint Venture Rate,ecosystem.Inter-DAO Voting Participation,ecosystem.Cross-DAO Approval Alignment,ecosystem.Total Shared Budget,ecosystem.Resource Flow Volume,ecosystem.Ecosystem Treasury Total,dao-1.Proposal Pass Rate,dao-2.Proposal Pass Rate,dao-3.Proposal Pass Rate,dao-1.Voter Participation Rate,dao-2.Voter Participation Rate,dao-3.Voter Participation Rate,dao-1.Final Treasury,dao-2.Final Treasury,dao-3.Final Treasury,dao-1.Treasury Growth Rate,dao-2.Treasury Growth Rate,dao-3.Treasury Growth Rate
Inter-DAO Cooperation-homogeneous-governance-run-001,homogeneous-governance,707,734,42,0.14285714285714285,0.16666666666666666,0.16666666666666666,0.40476190476190477,0.2619047619047619,104.11656215032738,0.5238095238095238,23652.86565385759,36407.861090265214,34041.42400763057,0,0,0,0.08750792644261256,0.10843373493975902,0.10180722891566263,10038.40790714692,11998.490742600196,12004.525357883453,-0.1630936713879025,-0.15077865300652477,-0.1486323886532912
Inter-DAO Cooperation-homogeneous-governance-run-002,homogeneous-governance,708,515,52,0.28846153846153844,0.2692307692307692,0.25,0.2692307692307692,0.21153846153846154,103.5955180845581,0.6923076923076923,185718.76761503518,46141.570484032854,35987.705605320734,0.07142857142857142,0.09090909090909091,0.14285714285714285,0.10413080895008604,0.10186199342825848,0.1598393574297189,11988.986975926207,11998.802726855469,11999.915902539062,-0.14990213159276636,-0.1488337229031696,-0.1489689933067369
Inter-DAO Cooperation-homogeneous-governance-run-003,homogeneous-governance,709,498,58,0.15517241379310345,0.2413793103448276,0.22413793103448276,0.25862068965517243,0.27586206896551724,103.09581445365336,0.5,178198.0393268168,20543.859844328836,34175.69614544694,0.07142857142857142,0,0,0.07550200803212852,0.07756024096385541,0.08777969018932874,11966.277365771648,10217.891600000003,11991.527179675291,-0.14978569672772302,-0.1626355106893278,-0.1509050409935016
Inter-DAO Cooperation-homogeneous-governance-run-004,homogeneous-governance,710,480,40,0.125,0.35,0.25,0.15,0.25,98.79158620184575,0.55,163574.8656746,0,10215.378206807098,0.07692307692307693,0,0.07142857142857142,0.07784986098239109,0.13177710843373497,0.06713614038033668,10215.378206807098,0,0,-0.1629164574937594,-0.23720219377921212,-0.23865927029000236
Inter-DAO Cooperation-homogeneous-governance-run-005,homogeneous-governance,711,472,59,0.23728813559322035,0.2711864406779661,0.2542372881355932,0.22033898305084745,0.2542372881355932,99.51473416293805,0.4067796610169492,246571.2406951934,45268.73699622229,23920.740425247328,0.05555555555555555,0,0.2727272727272727,0.15127175368139223,0.06506024096385542,0.10843373493975904,11960.66778774733,0,11960.072637499998,-0.14850264037456185,-0.2378797358646297,-0.1496900870947703
Inter-DAO Cooperation-homogeneous-governance-run-006,homogeneous-governance,712,448,55,0.16363636363636364,0.21818181818181817,0.21818181818181817,0.2545454545454545,0.3090909090909091,99.76614272436208,0.5454545454545454,129391.96706749499,39739.00402779691,20202.939916141302,0,0,0,0.21496512365250475,0.08433734939759037,0.1150054764512596,10075.945616328987,10126.994299812315,0,-0.1634277340633706,-0.1643568346749834,-0.2376587411849439
Inter-DAO Cooperation-homogeneous-governance-run-007,homogeneous-governance,713,437,52,0.21153846153846154,0.19230769230769232,0.38461538461538464,0.19230769230769232,0.23076923076923078,102.2119220604195,0.4807692307692308,127871.27454765141,58866.18600809015,34091.19457326246,0.1111111111111111,0.10526315789473684,0.07692307692307693,0.08795180722891567,0.08253012048192772,0.16265060240963855,10082.613679098302,12008.749515257905,11999.831378906249,-0.16475754395988002,-0.1495336929341218,-0.14950477933822504
Inter-DAO Cooperation-homogeneous-governance-run-008,homogeneous-governance,714,415,44,0.20454545454545456,0.3181818181818182,0.2727272727272727,0.25,0.1590909090909091,103.16994654740681,0.5454545454545454,133556.15185573697,34581.52654580772,24005.79477118249,0.07692307692307693,0.08333333333333333,0,0.09036144578313254,0.13855421686746985,0.06987951807228916,12005.158130881988,0,12000.6366403005,-0.1486660571358165,-0.23715211096640304,-0.14852577712175577
Inter-DAO Cooperation-homogeneous-governance-run-009,homogeneous-governance,715,506,51,0.11764705882352941,0.23529411764705882,0.3137254901960784,0.17647058823529413,0.27450980392156865,99.73771431656232,0.6274509803921569,53731.756042689085,46556.69103143737,22205.76667933436,0,0,0,0.12198795180722892,0.09748083242059145,0.1274571972098922,10205.810273561716,11999.956405772646,0,-0.16299054713471753,-0.15095522335010852,-0.23851964788021296
Inter-DAO Cooperation-homogeneous-governance-run-010,homogeneous-governance,716,511,56,0.3392857142857143,0.2857142857142857,0.25,0.23214285714285715,0.23214285714285715,100.74116410779604,0.5714285714285714,272979.9411352724,76335.48149722628,34019.96355951172,0.07692307692307693,0.05263157894736842,0,0.09545875810936053,0.1342512908777969,0.10452414110311872,10031.670299864994,12014.841500004746,11973.451759641981,-0.16399020352158095,-0.15021122510826543,-0.149245441273556
Inter-DAO Cooperation-homogeneous-governance-run-011,homogeneous-governance,717,487,41,0.24390243902439024,0.1951219512195122,0.17073170731707318,0.4878048780487805,0.14634146341463414,98.38511223553883,0.6829268292682927,49072.69167713821,100254.77091781795,23957.604260545057,0.0625,0,0,0.12123493975903614,0.07158043940467755,0.07981927710843373,11957.755733494643,0,11999.848527050413,-0.149212369450212,-0.2365151338662727,-0.14987356042077873
Inter-DAO Cooperation-homogeneous-governance-run-012,homogeneous-governance,718,439,55,0.2727272727272727,0.18181818181818182,0.2545454545454545,0.2909090909090909,0.2727272727272727,99.62733133992276,0.5272727272727272,135746.18080630898,58656.413077842444,23936.444827802126,0.07692307692307693,0.3333333333333333,0,0.12134251290877796,0.12048192771084333,0.03985171455050973,0,11962.776741662597,11973.668086139529,-0.2367627929109047,-0.15146772533243005,-0.14933263060304355
Inter-DAO Cooperation-homogeneous-governance-run-013,homogeneous-governance,719,505,48,0.20833333333333334,0.22916666666666666,0.25,0.22916666666666666,0.2916666666666667,102.5371039396046,0.4791666666666667,268496.3177796453,0,33999.890595954785,0,0,0.05555555555555555,0.10575635876840696,0.0662742433147223,0.0364848353619871,9999.943431708467,11999.214501742497,12000.732662503819,-0.16161844816470447,-0.15031069706936454,-0.14805122102844906
Inter-DAO Cooperation-homogeneous-governance-run-014,homogeneous-governance,720,437,51,0.21568627450980393,0.3333333333333333,0.27450980392156865,0.19607843137254902,0.19607843137254902,104.3662404900725,0.5882352941176471,148604.509010911,55304.25948090851,35999.88487813466,0,0,0.05263157894736842,0.14087117701575533,0.04016064257028113,0.14774889029803426,11999.884721875002,12000.000000004933,12000.000156254728,-0.15020650986951412,-0.15007102945007125,-0.1496633740039971
Inter-DAO Cooperation-homogeneous-governance-run-015,homogeneous-governance,721,444,45,0.2,0.17777777777777778,0.3333333333333333,0.26666666666666666,0.2222222222222222,106.29972704216783,0.4888888888888889,82885.86745969951,7201.013411395252,10248.71526239449,0.125,0.047619047619047616,0.1,0.1365461847389558,0.10671256454388986,0.05421686746987951,0,10248.71526239449,0,-0.23954514600739238,-0.16270430379801923,-0.23830581242336313
Inter-DAO Cooperation-homogeneous-governance-run-016,homogeneous-governance,722,536,59,0.15254237288135594,0.3050847457627119,0.22033898305084745,0.2542372881355932,0.22033898305084745,99.67653074797168,0.5932203389830508,194301.99674330652,10587.818775093183,21996.887209410826,0.11764705882352941,0,0,0.14245216158752658,0.09819277108433735,0.07038681039949271,0,10046.809146841648,11950.078062569179,-0.2378920977674217,-0.1634714459127556,-0.14888897821284922
Inter-DAO Cooperation-homogeneous-governance-run-017,homogeneous-governance,723,458,41,0.4146341463414634,0.21951219512195122,0.21951219512195122,0.24390243902439024,0.3170731707317073,105.68236686975149,0.5609756097560976,262106.71852342784,56860.391497612,12008.961700097656,0,0,0,0.13520749665327977,0.08202038924930492,0.1278962001853568,12008.961700097656,0,0,-0.1502391810379643,-0.23870747140851986,-0.23850387222918473
Inter-DAO Cooperation-homogeneous-governance-run-018,homogeneous-governance,724,429,62,0.16129032258064516,0.3387096774193548,0.16129032258064516,0.3064516129032258,0.1935483870967742,102.72074997252463,0.5,203118.64332295954,33834.063765825704,34156.015362959704,0.06666666666666667,0,0.14285714285714285,0.05220883534136546,0.040525739320920046,0.09477911646586347,10166.0076534915,11991.359575229157,11998.64813423905,-0.16257850311529085,-0.14894890199119873,-0.14888393192073832
Inter-DAO Cooperation-homogeneous-governance-run-019,homogeneous-governance,725,578,59,0.2033898305084746,0.3389830508474576,0.1864406779661017,0.1864406779661017,0.288135593220339,96.13364101111317,0.6101694915254238,214706.95240423083,42490.977491252124,33989.01015116956,0.043478260869565216,0,0,0.049240440020953374,0.10401606425702811,0.1276013143483023,11989.010151175244,9999.9999999943,12000.000000000016,-0.1474193644633233,-0.16457977334131,-0.14876866733184535
Inter-DAO Cooperation-homogeneous-governance-run-020,homogeneous-governance,726,446,50,0.26,0.18,0.42,0.26,0.14,101.81264081271344,0.56,104092.68788993359,46491.76096892916,11990.29930433545,0,0.1,0.1875,0.11445783132530121,0.048351944362817124,0.10842509204680992,0,0,11990.29930433545,-0.237123421640691,-0.23845576513962835,-0.14883714616366261
Inter-DAO Cooperation-homogeneous-governance-run-021,homogeneous-governance,727,512,45,0.1111111111111111,0.2,0.15555555555555556,0.2222222222222222,0.4222222222222222,105.55766770513424,0.4666666666666667,79096.14834934473,18387.593487277627,22066.530179713845,0.07692307692307693,0.08333333333333333,0.05555555555555555,0.08433734939759034,0.07630522088353416,0.12794033275960986,11994.725409203918,10071.804770509925,0,-0.1486975080402943,-0.1641437234470012,-0.23799017360303512
Inter-DAO Cooperation-homogeneous-governance-run-022,homogeneous-governance,728,522,49,0.30612244897959184,0.2653061224489796,0.24489795918367346,0.2653061224489796,0.22448979591836735,97.98387568849121,0.6326530612244898,258292.95622184873,95543.9046327956,34010.03330492395,0.14285714285714285,0,0.0625,0.0783132530120482,0.06099397590361446,0.07278180152460632,11951.920601562499,11999.325471652985,10058.787231708466,-0.14838845835606362,-0.15057249269525466,-0.16412711588312429
Inter-DAO Cooperation-homogeneous-governance-run-023,homogeneous-governance,729,559,48,0.22916666666666666,0.1875,0.20833333333333334,0.2708333333333333,0.3333333333333333,101.38623911934185,0.5,129860.17382703722,51269.23943171278,20083.493274888904,0.0625,0.09523809523809523,0.125,0.17846385542168677,0.09409064830751576,0.15436746987951808,9999.324992423437,10084.168282465467,0,-0.16428721124292636,-0.16286082125410323,-0.2381892043436825
Inter-DAO Cooperation-homogeneous-governance-run-024,homogeneous-governance,730,609,59,0.1694915254237288,0.22033898305084745,0.288135593220339,0.2033898305084746,0.288135593220339,98.29923252145508,0.576271186440678,146217.39466674626,20750.265805982053,22090.008181616002,0,0,0,0.12306368330464715,0.13678242381289868,0.10642570281124497,11999.93199447773,10090.076187138271,0,-0.14900029361851544,-0.16368894185363794,-0.23742672986080246
Inter-DAO Cooperation-homogeneous-governance-run-025,homogeneous-governance,731,1286,48,0.2916666666666667,0.125,0.22916666666666666,0.3125,0.3333333333333333,98.92022559717675,0.6041666666666666,155871.53557687998,68498.00683907233,33992.499563480145,0,0,0.05,0.0832420591456736,0.15576452150063672,0.12621916236374067,11998.871126986269,10007.842,11985.786436493874,-0.1493345217010978,-0.16373341364878205,-0.1484881828141944
Inter-DAO Cooperation-homogeneous-governance-run-026,homogeneous-governance,732,1675,40,0.075,0.225,0.3,0.275,0.2,102.69861810749684,0.525,0,23848.848536144942,20135.131341443208,0,0.1,0.06666666666666667,0.11794546607482563,0.14156626506024095,0.06753556550448567,0,10014.19251737945,10120.938824063758,-0.23828752930954475,-0.1640482585232275,-0.16181966295449685
Inter-DAO Cooperation-homogeneous-governance-run-027,homogeneous-governance,733,1712,62,0.27419354838709675,0.22580645161290322,0.1935483870967742,0.3387096774193548,0.24193548387096775,99.68006942209365,0.6451612903225806,303034.68846715987,76545.11011089198,23992.57593774456,0.09090909090909091,0.09090909090909091,0,0.11838658983761134,0.11214087117701577,0.06094968107725018,12000.01008774165,0,11992.565850002911,-0.14839888310558463,-0.23683265651103877,-0.1497597090071983
Inter-DAO Cooperation-homogeneous-governance-run-028,homogeneous-governance,734,1609,54,0.2037037037037037,0.2222222222222222,0.18518518518518517,0.2777777777777778,0.3148148148148148,99.14396020558596,0.5185185185185185,152668.94267871976,36825.77722356655,23979.18187521798,0.23529411764705882,0.15384615384615385,0.05555555555555555,0.13111268603827075,0.08347676419965577,0.1004016064257028,11980.23248146798,11998.94939375,0,-0.1496722331507988,-0.14906129879792318,-0.23830109439748964
Inter-DAO Cooperation-homogeneous-governance-run-029,homogeneous-governance,735,1439,47,0.3191489361702128,0.1702127659574468,0.1276595744680851,0.3829787234042553,0.3191489361702128,101.02604782964286,0.6595744680851063,231173.09077642858,47319.30704903789,23972.255546087188,0,0,0.07142857142857142,0.1829134720700986,0.0689357141622444,0.11166617690273288,11969.709690248343,12002.545855838845,0,-0.14888733940742696,-0.14880026793369572,-0.23692033065302406
Inter-DAO Cooperation-homogeneous-governance-run-030,homogeneous-governance,736,1311,51,0.27450980392156865,0.2549019607843137,0.29411764705882354,0.17647058823529413,0.27450980392156865,99.68496758435022,0.5686274509803921,221659.27762165666,32552.19183396548,34081.23361342307,0.05263157894736842,0,0,0.10302055461898942,0.15461847389558234,0.09200438116100766,10092.113624804117,12000.000000007161,11989.119988611792,-0.163791209825862,-0.1501847344540732,-0.1502991751479392
Inter-DAO Cooperation-homogeneous-governance-run-031,homogeneous-governance,737,1252,53,0.22641509433962265,0.16981132075471697,0.2641509433962264,0.3018867924528302,0.2641509433962264,100.9937697500562,0.49056603773584906,221912.55300305784,29940.32427552156,22095.27517185697,0,0,0,0.09360518999073217,0.05120481927710844,0.1144578313253012,11963.554771875,0,10131.720399981969,-0.14939757915258764,-0.2373159461543202,-0.1646942252014045
Inter-DAO Cooperation-homogeneous-governance-run-032,homogeneous-governance,738,1281,53,0.22641509433962265,0.20754716981132076,0.32075471698113206,0.2641509433962264,0.20754716981132076,107.2217078803399,0.4716981132075472,101555.98527751863,45587.89388393052,32658.458750166832,0,0.07692307692307693,0.10526315789473684,0.014227642276422767,0.17670682730923692,0.11927710843373496,8665.1611328125,11999.901214048707,11993.396403305625,-0.1740742617527366,-0.14826449784373774,-0.14803786769243782
Inter-DAO Cooperation-homogeneous-governance-run-033,homogeneous-governance,739,1388,59,0.1864406779661017,0.11864406779661017,0.3559322033898305,0.288135593220339,0.23728813559322035,98.68513320417925,0.5084745762711864,69528.89662235975,68015.71075688116,10139.680959270678,0.058823529411764705,0,0,0.09780297661233169,0.11399443929564414,0.0735573874445149,10139.680959270678,0,0,-0.16395728367390133,-0.23738800814949093,-0.2366872390554384
Inter-DAO Cooperation-homogeneous-governance-run-034,homogeneous-governance,740,1407,52,0.07692307692307693,0.19230769230769232,0.25,0.2692307692307692,0.28846153846153844,104.33219199931457,0.4807692307692308,58270.27925290167,9697.555168531835,34140.43599319455,0,0.05,0,0.04969879518072289,0.1566265060240964,0.08835341365461848,11985.719225,10154.582194317574,12000.134573876972,-0.14932147910968283,-0.16301636537473227,-0.15028617674234598
Inter-DAO Cooperation-homogeneous-governance-run-035,homogeneous-governance,741,1460,52,0.19230769230769232,0.3269230769230769,0.2692307692307692,0.2692307692307692,0.1346153846153846,96.60599437291845,0.5,109814.67040255666,61807.938584825024,34076.69443886758,0,0.07692307692307693,0,0.02891566265060242,0.06209453197405005,0.13182140326009925,12000.00000206046,10089.550236807117,11987.144199999999,-0.14848483811318403,-0.16229361330880737,-0.14982357015493963
Inter-DAO Cooperation-homogeneous-governance-run-036,homogeneous-governance,742,1487,53,0.20754716981132076,0.22641509433962265,0.3018867924528302,0.16981132075471697,0.3018867924528302,102.66602868360147,0.6037735849056604,151837.52960525453,14722.764363978058,23977.457598050714,0,0.07692307692307693,0.10526315789473684,0.11044176706827309,0.13017925359976493,0.08497146480659479,11989.832937500669,11987.624660550047,0,-0.14964985309398238,-0.14978970211686676,-0.23825783282132496
Inter-DAO Cooperation-homogeneous-governance-run-037,homogeneous-governance,743,700,50,0.16,0.26,0.2,0.26,0.28,94.84490538299481,0.48,91306.65765143931,31123.20979591459,21970.418371506436,0.08695652173913043,0.05555555555555555,0.06666666666666667,0.12205343111576743,0.10019023462270134,0.11996277794103243,11970.418375788182,0,9999.999995718252,-0.15081450000588223,-0.23736474129547736,-0.16506036764881826
Inter-DAO Cooperation-homogeneous-governance-run-038,homogeneous-governance,744,521,41,0.2682926829268293,0.2926829268292683,0.2682926829268293,0.0975609756097561,0.34146341463414637,99.54528021011097,0.4634146341463415,346759.6592474729,9322.393832262605,21988.153479811775,0,0.1111111111111111,0,0.06216867469879516,0.08701472556894244,0.07697456492637217,11988.153480151748,9999.999999660027,0,-0.14711242239231276,-0.16456684103924654,-0.2370775089143321
Inter-DAO Cooperation-homogeneous-governance-run-039,homogeneous-governance,745,506,59,0.1694915254237288,0.3220338983050847,0.3559322033898305,0.1694915254237288,0.15254237288135594,99.86412539471723,0.5423728813559322,62983.91352407634,26236.12276627682,23960.945427963015,0.07142857142857142,0.08333333333333333,0.05555555555555555,0.1429718875502008,0.11244979919678715,0.11044176706827308,0,11970.376536263799,11990.568891699219,-0.23849259440157253,-0.15085009798199822,-0.1489621871901897
Inter-DAO Cooperation-homogeneous-governance-run-040,homogeneous-governance,746,451,53,0.24528301886792453,0.24528301886792453,0.2641509433962264,0.2830188679245283,0.20754716981132076,98.22225535263499,0.5849056603773585,122885.93584671617,58020.1216833666,21998.698053550783,0.09090909090909091,0.09090909090909091,0,0.11391018619934283,0.04016064257028112,0.06174698795180724,9999.999995738182,0,11998.698057812602,-0.16327368676496345,-0.23788944386147573,-0.1488103643674336
Inter-DAO Cooperation-homogeneous-governance-run-041,homogeneous-governance,747,435,58,0.22413793103448276,0.1206896551724138,0.3448275862068966,0.27586206896551724,0.25862068965517243,101.689627445733,0.4827586206896552,102921.28534056246,42792.46841557324,22074.979972160712,0,0.14285714285714285,0.15,0.22584350706595788,0.09718875502008034,0.11213635027916544,10083.270905464402,0,11991.70906669631,-0.16367048134172693,-0.23812662861915196,-0.1506663242155248
Inter-DAO Cooperation-homogeneous-governance-run-042,homogeneous-governance,748,505,43,0.27906976744186046,0.27906976744186046,0.23255813953488372,0.3023255813953488,0.18604651162790697,98.69420413419773,0.7209302325581395,158582.5793351978,38460.101302480325,23983.567310538052,0.05555555555555555,0.21428571428571427,0.058823529411764705,0.1325301204819277,0.14939759036144581,0.08464849354375896,11994.905039967583,0,11988.662270570469,-0.1489063536656044,-0.23726394545597798,-0.14883012711705554
Inter-DAO Cooperation-homogeneous-governance-run-043,homogeneous-governance,749,517,50,0.16,0.34,0.22,0.28,0.16,102.23543533296413,0.56,230858.24817419052,0,35985.47324082665,0.11764705882352941,0,0,0.14323962516733602,0.15040650406504066,0.15220944754628268,12004.63051640625,11983.689161920405,11997.153562499998,-0.14933076433060996,-0.150322142178246,-0.14961757734435827
Inter-DAO Cooperation-homogeneous-governance-run-044,homogeneous-governance,750,453,50,0.22,0.28,0.22,0.28,0.22,106.85449776152454,0.46,201475.17416626215,50125.59010530822,20265.636542820706,0,0.125,0.06666666666666667,0.13734939759036147,0.19277108433734938,0.11646586345381525,10223.004699772886,10042.631843047822,0,-0.16213437929097427,-0.1641148780466315,-0.23701967362101806
Inter-DAO Cooperation-homogeneous-governance-run-045,homogeneous-governance,751,512,60,0.2833333333333333,0.23333333333333334,0.3,0.25,0.21666666666666667,102.38821652389848,0.6166666666666667,180365.18913693726,78016.38998324051,30810.405914400584,0.07142857142857142,0,0.1875,0.039156626506024104,0.14131788477953627,0.10617469879518072,11999.605127312228,11974.863287088356,6835.9375,-0.1495743956966524,-0.14968279426097947,-0.1870308292456232
Inter-DAO Cooperation-homogeneous-governance-run-046,homogeneous-governance,752,433,49,0.30612244897959184,0.16326530612244897,0.32653061224489793,0.32653061224489793,0.1836734693877551,100.12671286255011,0.5306122448979592,203129.7288928181,51260.12630178593,34167.63669053107,0,0,0.05555555555555555,0.1721170395869191,0.05366922234392114,0.026104417670682733,11982.877721813107,10222.80849996796,11961.950468750001,-0.15000760914212907,-0.1616289005708605,-0.1484905698550674
Inter-DAO Cooperation-homogeneous-governance-run-047,homogeneous-governance,753,544,39,0.23076923076923078,0.20512820512820512,0.3333333333333333,0.23076923076923078,0.23076923076923078,94.81467266766066,0.5641025641025641,110094.29161436856,13354.63429801166,11999.231141528318,0,0.06666666666666667,0.12,0.13132670053034437,0.11405622489959841,0.09883247813015666,0,0,11999.231141528318,-0.2375374282809995,-0.2369640493798748,-0.1495940672152853
Inter-DAO Cooperation-homogeneous-governance-run-048,homogeneous-governance,754,426,42,0.14285714285714285,0.2857142857142857,0.30952380952380953,0.14285714285714285,0.2619047619047619,101.18973527981785,0.42857142857142855,107836.46969124675,0,34084.351792136214,0.1,0.07142857142857142,0,0.051807228915662654,0.08057228915662651,0.1510658016682113,11999.8141265625,12000.60703125,10083.930634323713,-0.14947989688763316,-0.14939452954663948,-0.16460459213053852
Inter-DAO Cooperation-homogeneous-governance-run-049,homogeneous-governance,755,427,59,0.1864406779661017,0.3220338983050847,0.22033898305084745,0.1864406779661017,0.2711864406779661,99.94783549161615,0.5932203389830508,139993.81320551038,50713.94945262,29985.931594201462,0.09090909090909091,0.08333333333333333,0.14285714285714285,0.14604051419606323,0.16465863453815263,0.12564543889845098,9986.03218751944,9999.999999996806,9999.899406685214,-0.16334657376095132,-0.16483568564160497,-0.16547640371524763
Inter-DAO Cooperation-homogeneous-governance-run-050,homogeneous-governance,756,401,52,0.1346153846153846,0.23076923076923078,0.21153846153846154,0.28846153846153844,0.2692307692307692,100.27554830310972,0.46153846153846156,86230.33741489053,0,35960.899349714266,0,0.1111111111111111,0.08333333333333333,0.1283741236723899,0.15796519410977244,0.164967562557924,11958.987691853887,11969.040418786559,12032.871239073818,-0.149722517673386,-0.14985361475213418,-0.14889775124925178
Inter-DAO Cooperation-homogeneous-governance-run-051,homogeneous-governance,757,504,47,0.23404255319148937,0.19148936170212766,0.2765957446808511,0.2127659574468085,0.3191489361702128,95.63005575645504,0.5106382978723404,185004.2290519923,36402.14024344459,22044.92845619713,0,0.05263157894736842,0.1,0.11741961427223657,0.08750792644261254,0.07891566265060239,11960.48064613215,10084.447810064978,0,-0.1478396723926721,-0.1627221025547506,-0.2377258669208499
Inter-DAO Cooperation-homogeneous-governance-run-052,homogeneous-governance,758,435,54,0.2222222222222222,0.2037037037037037,0.2962962962962963,0.24074074074074073,0.25925925925925924,105.00644617968088,0.5740740740740741,173938.18514421582,54154.64840014465,21990.542215893554,0,0.09523809523809523,0,0.12696941612604265,0.08594657375145179,0.0963855421686747,11966.563415893555,10023.9788,0,-0.1475994528377662,-0.16393120131383984,-0.23878342905194927
Inter-DAO Cooperation-homogeneous-governance-run-053,homogeneous-governance,759,526,42,0.2619047619047619,0.2619047619047619,0.2857142857142857,0.16666666666666666,0.2857142857142857,93.68600167412768,0.6190476190476191,250896.4563999325,16840.24286805652,22046.94176162909,0.045454545454545456,0,0,0.15877033633425056,0.08960843373493975,0.08067050811943426,11972.672229748723,0,10074.269531880367,-0.15001147856670088,-0.23610253372348916,-0.16279505206763928
Inter-DAO Cooperation-homogeneous-governance-run-054,homogeneous-governance,760,451,39,0.2564102564102564,0.1794871794871795,0.20512820512820512,0.38461538461538464,0.23076923076923078,108.03263067490762,0.5641025641025641,138890.50275087357,62698.31578596495,33997.38718590276,0.1111111111111111,0.07692307692307693,0,0.07831325301204818,0.14272474513438368,0.0985761226725082,11999.953039436894,11999.815241001463,9997.6189054644,-0.1495153504281258,-0.14972976864421164,-0.16433648982528737
Inter-DAO Cooperation-homogeneous-governance-run-055,homogeneous-governance,761,379,51,0.23529411764705882,0.3333333333333333,0.29411764705882354,0.17647058823529413,0.19607843137254902,104.76157128176777,0.4117647058823529,70739.65860530734,27081.610661698505,32660.861348958133,0,0.14285714285714285,0,0.053614457831325305,0.117039586919105,0.077162307767656,11998.131403550264,8665.1611328125,11997.568812595366,-0.1497048235012483,-0.17529310536264153,-0.15042184323536886
Inter-DAO Cooperation-homogeneous-governance-run-056,homogeneous-governance,762,403,47,0.2765957446808511,0.3191489361702128,0.14893617021276595,0.2978723404255319,0.23404255319148937,98.95815627499826,0.6170212765957447,219720.31006589532,48886.81819662452,33967.1474423492,0.1111111111111111,0.09090909090909091,0,0.12327358213341169,0.11500547645125958,0.08433734939759036,11973.290213520671,11989.747995985032,10004.109232843497,-0.14875850564930407,-0.14982198489266968,-0.1638820663987086
Inter-DAO Cooperation-homogeneous-governance-run-057,homogeneous-governance,763,460,57,0.19298245614035087,0.21052631578947367,0.24561403508771928,0.2982456140350877,0.24561403508771928,99.36189793995376,0.43859649122807015,198999.02749806643,79244.62937284261,22104.528918678792,0,0,0,0.08795180722891567,0.14348302300109528,0.032379518072289164,12003.571744531248,0,10100.957174147547,-0.14876071991391315,-0.236684838306073,-0.16216357569093517
Inter-DAO Cooperation-homogeneous-governance-run-058,homogeneous-governance,764,491,42,0.2619047619047619,0.2619047619047619,0.2619047619047619,0.21428571428571427,0.2619047619047619,106.90730290378546,0.4523809523809524,177396.01340144873,43129.09503118135,22002.905718120717,0,0.058823529411764705,0.14285714285714285,0.009370816599732263,0.09571619812583666,0.09076305220883535,10003.15358061066,11999.752137510057,0,-0.16364258360986136,-0.14845877275543226,-0.23913235540862296
Inter-DAO Cooperation-homogeneous-governance-run-059,homogeneous-governance,765,425,54,0.24074074074074073,0.18518518518518517,0.2777777777777778,0.3148148148148148,0.2222222222222222,102.17610691745915,0.46296296296296297,174505.99025003612,28595.087587600574,24012.08355,0.07692307692307693,0.058823529411764705,0,0.055276856555140426,0.07095046854083,0.12048192771084337,0,12012.08355,12000,-0.23770658821626342,-0.14820017023025409,-0.14971272435315225
Inter-DAO Cooperation-homogeneous-governance-run-060,homogeneous-governance,766,475,61,0.18032786885245902,0.39344262295081966,0.19672131147540983,0.13114754098360656,0.2786885245901639,99.42232115342166,0.47540983606557374,217940.74152596295,26014.383108122274,34101.759814867655,0.125,0.0625,0,0.1355605348222157,0.08209884012376623,0.10441767068273093,11999.560954016055,10144.102307601199,11958.096553250403,-0.1489564788041133,-0.16382298677885096,-0.14971430139908984
Inter-DAO Cooperation-heterogeneous-governance-run-001,heterogeneous-governance,767,510,54,0.2037037037037037,0.2037037037037037,0.2777777777777778,0.35185185185185186,0.16666666666666666,99.13733063968648,0.5555555555555556,189152.65241637826,31853.73334446922,23946.71937126694,,,,,,,,,,,,
Inter-DAO Cooperation-heterogeneous-governance-run-002,heterogeneous-governance,768,446,39,0.2564102564102564,0.15384615384615385,0.1794871794871795,0.48717948717948717,0.1794871794871795,96.9149734227,0.5641025641025641,74303.6437034607,49770.1703151688,36018.87467114321,,,,,,,,,,,,
Inter-DAO Cooperation-heterogeneous-governance-run-003,heterogeneous-governance,769,446,47,0.19148936170212766,0.23404255319148937,0.3404255319148936,0.2765957446808511,0.14893617021276595,107.43124265392495,0.5531914893617021,88628.63721325994,27148.947578389198,22070.61301796855,,,,,,,,,,,,
Inter-DAO Cooperation-heterogeneous-governance-run-004,heterogeneous-governance,770,467,47,0.1702127659574468,0.1702127659574468,0.3404255319148936,0.1702127659574468,0.3191489361702128,94.22339011134893,0.46808510638297873,162998.575149104,0,21624.575889873904,,,,,,,,,,,,
Inter-DAO Cooperation-heterogeneous-governance-run-005,heterogeneous-governance,771,477,50,0.16,0.3,0.16,0.2,0.34,104.57357951610666,0.42,179293.7417048961,6777.008106000721,22014.30433814696,,,,,,,,,,,,
Inter-DAO Cooperation-heterogeneous-governance-run-006,heterogeneous-governance,772,453,45,0.2222222222222222,0.15555555555555556,0.35555555555555557,0.3111111111111111,0.17777777777777778,98.32681480552118,0.6,68626.14491023123,51634.286171756685,35983.408596492816,,,,,,,,,,,,
Inter-DAO Cooperation-heterogeneous-governance-run-007,heterogeneous-governance,773,534,61,0.26229508196721313,0.19672131147540983,0.3114754098360656,0.2459016393442623,0.2459016393442623,101.45972154596973,0.47540983606557374,279812.720650807,22750.981511780992,26411.710344805506,,,,,,,,,,,,
Inter-DAO Cooperation-heterogeneous-governance-run-008,heterogeneous-governance,774,541,41,0.17073170731707318,0.2682926829268293,0.2926829268292683,0.17073170731707318,0.2682926829268293,100.608682686288,0.5365853658536586,127981.09269700944,29591.197699774057,23957.60263253378,,,,,,,,,,,,
Inter-DAO Cooperation-heterogeneous-governance-run-009,heterogeneous-governance,775,483,48,0.22916666666666666,0.22916666666666666,0.3125,0.14583333333333334,0.3125,104.34238219345602,0.5208333333333334,180006.10471703112,37099.58168794401,34008.01920360428,,,,,,,,,,,,
Inter-DAO Cooperation-heterogeneous-governance-run-010,heterogeneous-governance,776,496,53,0.18867924528301888,0.2830188679245283,0.22641509433962265,0.22641509433962265,0.2641509433962264,99.40954305160554,0.5471698113207547,305070.6747267395,18742.373642744496,34039.47375132398,,,,,,,,,,,,
Inter-DAO Cooperation-heterogeneous-governance-run-011,heterogeneous-governance,777,479,44,0.22727272727272727,0.36363636363636365,0.13636363636363635,0.36363636363636365,0.13636363636363635,102.54463945289318,0.5681818181818182,303869.1022619605,23973.935728427023,23955.071562701436,,,,,,,,,,,,
Inter-DAO Cooperation-heterogeneous-governance-run-012,heterogeneous-governance,778,443,44,0.20454545454545456,0.25,0.20454545454545456,0.29545454545454547,0.25,100.21819898622185,0.5,125255.47372177243,12568.963578669354,11989.87230264121,,,,,,,,,,,,
Inter-DAO Cooperation-heterogeneous-governance-run-013,heterogeneous-governance,779,439,59,0.23728813559322035,0.3220338983050847,0.2033898305084746,0.2542372881355932,0.22033898305084745,102.82891723367625,0.4915254237288136,152349.32150691748,59905.572421848774,31625.254777280803,,,,,,,,,,,,
Inter-DAO Cooperation-heterogeneous-governance-run-014,heterogeneous-governance,780,408,50,0.18,0.32,0.18,0.22,0.28,105.62805608980904,0.46,106670.32151483,36394.42479936406,31597.280728355905,,,,,,,,,,,,
Inter-DAO Cooperation-heterogeneous-governance-run-015,heterogeneous-governance,781,476,59,0.1694915254237288,0.1864406779661017,0.1016949152542373,0.3050847457627119,0.4067796610169492,101.39797347947903,0.559322033898305,206231.47691600025,33241.338963853195,32111.11485549334,,,,,,,,,,,,
Inter-DAO Cooperation-heterogeneous-governance-run-016,heterogeneous-governance,782,472,59,0.15254237288135594,0.2542372881355932,0.3050847457627119,0.2033898305084746,0.23728813559322035,100.99917719387244,0.5254237288135594,160935.2951683104,43225.42357840575,33949.93567348189,,,,,,,,,,,,
Inter-DAO Cooperation-heterogeneous-governance-run-017,heterogeneous-governance,783,458,60,0.2,0.2833333333333333,0.25,0.23333333333333334,0.23333333333333334,103.40879808119601,0.5666666666666667,124091.51019528508,72443.56862152927,34038.03183747287,,,,,,,,,,,,
Inter-DAO Cooperation-heterogeneous-governance-run-018,heterogeneous-governance,784,484,41,0.24390243902439024,0.2926829268292683,0.21951219512195122,0.1951219512195122,0.2926829268292683,102.60497016677611,0.5365853658536586,111856.65662400424,43109.202603809536,22123.250637988338,,,,,,,,,,,,
Inter-DAO Cooperation-heterogeneous-governance-run-019,heterogeneous-governance,785,485,53,0.2830188679245283,0.20754716981132076,0.24528301886792453,0.3018867924528302,0.24528301886792453,103.86014793435268,0.5094339622641509,336317.0943129808,75934.00857644156,35929.21292398957,,,,,,,,,,,,
Inter-DAO Cooperation-heterogeneous-governance-run-020,heterogeneous-governance,786,496,48,0.25,0.1875,0.25,0.22916666666666666,0.3333333333333333,103.47420579403143,0.5208333333333334,209672.19166457653,62811.86476815492,23998.831428699148,,,,,,,,,,,,
Inter-DAO Cooperation-heterogeneous-governance-run-021,heterogeneous-governance,787,629,61,0.19672131147540983,0.2786885245901639,0.29508196721311475,0.16393442622950818,0.26229508196721313,100.1002581770104,0.45901639344262296,110770.68683691323,41399.45123111829,22033.402395477773,,,,,,,,,,,,
Inter-DAO Cooperation-heterogeneous-governance-run-022,heterogeneous-governance,788,504,50,0.2,0.3,0.2,0.26,0.24,99.38281407789442,0.44,232481.13577254117,31281.848606886342,23987.149031048153,,,,,,,,,,,,
Inter-DAO Cooperation-heterogeneous-governance-run-023,heterogeneous-governance,789,474,41,0.1951219512195122,0.12195121951219512,0.2682926829268293,0.34146341463414637,0.2682926829268293,99.77374348793872,0.5365853658536586,140990.12055434287,30829.300711629912,22102.926680336008,,,,,,,,,,,,
Inter-DAO Cooperation-heterogeneous-governance-run-024,heterogeneous-governance,790,438,49,0.2653061224489796,0.16326530612244897,0.32653061224489793,0.20408163265306123,0.30612244897959184,102.8835239181654,0.5510204081632653,139883.9460220188,85610.86345813237,23944.254980245973,,,,,,,,,,,,
Inter-DAO Cooperation-heterogeneous-governance-run-025,heterogeneous-governance,791,462,54,0.24074074074074073,0.24074074074074073,0.2962962962962963,0.16666666666666666,0.2962962962962963,103.38104643498366,0.5925925925925926,218597.31508418918,23843.202873831615,35946.91228540917,,,,,,,,,,,,
Inter-DAO Cooperation-heterogeneous-governance-run-026,heterogeneous-governance,792,512,53,0.1320754716981132,0.20754716981132076,0.32075471698113206,0.33962264150943394,0.1320754716981132,104.63966888928553,0.4339622641509434,101887.71583139896,18610.619796672836,23957.507052428766,,,,,,,,,,,,
Inter-DAO Cooperation-heterogeneous-governance-run-027,heterogeneous-governance,793,452,54,0.25925925925925924,0.2777777777777778,0.18518518518518517,0.2962962962962963,0.24074074074074073,104.55497010317288,0.5370370370370371,241149.30569194257,58113.84617816657,23999.951036328122,,,,,,,,,,,,
Inter-DAO Cooperation-heterogeneous-governance-run-028,heterogeneous-governance,794,527,52,0.25,0.3076923076923077,0.28846153846153844,0.15384615384615385,0.25,104.63501969224973,0.5769230769230769,263685.3513587266,45064.62131626904,26443.43680014702,,,,,,,,,,,,
Inter-DAO Cooperation-heterogeneous-governance-run-029,heterogeneous-governance,795,646,61,0.18032786885245902,0.19672131147540983,0.29508196721311475,0.19672131147540983,0.3114754098360656,102.13820191514054,0.5737704918032787,166341.40064939857,20355.37692019716,22348.15053847523,,,,,,,,,,,,
Inter-DAO Cooperation-heterogeneous-governance-run-030,heterogeneous-governance,796,510,49,0.30612244897959184,0.30612244897959184,0.30612244897959184,0.22448979591836735,0.16326530612244897,101.12726485632432,0.673469387755102,187067.79278814793,40408.45764800906,35988.6066851506,,,,,,,,,,,,
Inter-DAO Cooperation-heterogeneous-governance-run-031,heterogeneous-governance,797,584,46,0.13043478260869565,0.30434782608695654,0.1956521739130435,0.21739130434782608,0.2826086956521739,104.41389529762192,0.5434782608695652,80442.55621731281,43817.144095664844,32000.95256899052,,,,,,,,,,,,
Inter-DAO Cooperation-heterogeneous-governance-run-032,heterogeneous-governance,798,562,55,0.2727272727272727,0.2909090909090909,0.36363636363636365,0.18181818181818182,0.16363636363636364,106.25292701153093,0.6727272727272727,244889.4396238029,46739.688916131854,21989.948916934045,,,,,,,,,,,,
Inter-DAO Cooperation-heterogeneous-governance-run-033,heterogeneous-governance,799,369,48,0.16666666666666666,0.25,0.16666666666666666,0.3333333333333333,0.25,106.29929333030854,0.5416666666666666,79670.17353512347,42817.30330782011,33942.27851445654,,,,,,,,,,,,
Inter-DAO Cooperation-heterogeneous-governance-run-034,heterogeneous-governance,800,478,52,0.19230769230769232,0.40384615384615385,0.21153846153846154,0.19230769230769232,0.19230769230769232,105.69542014545597,0.4807692307692308,191756.28650933504,37678.93994925544,32163.662602562283,,,,,,,,,,,,
Inter-DAO Cooperation-heterogeneous-governance-run-035,heterogeneous-governance,801,492,61,0.2459016393442623,0.21311475409836064,0.2786885245901639,0.2786885245901639,0.22950819672131148,101.3461396024404,0.5737704918032787,176408.41483138502,79501.81077700108,34000.558935601046,,,,,,,,,,,,
Inter-DAO Cooperation-heterogeneous-governance-run-036,heterogeneous-governance,802,576,45,0.24444444444444444,0.17777777777777778,0.2222222222222222,0.2222222222222222,0.37777777777777777,107.96944179260893,0.5777777777777777,214770.75264789164,24071.638844907284,23998.560101856816,,,,,,,,,,,,
Inter-DAO Cooperation-heterogeneous-governance-run-037,heterogeneous-governance,803,478,58,0.3275862068965517,0.22413793103448276,0.22413793103448276,0.15517241379310345,0.39655172413793105,102.08240107979663,0.6551724137931034,316401.13233588636,52482.88583243266,22141.08316701997,,,,,,,,,,,,
Inter-DAO Cooperation-heterogeneous-governance-run-038,heterogeneous-governance,804,554,53,0.18867924528301888,0.16981132075471697,0.22641509433962265,0.33962264150943394,0.2641509433962264,107.57617492604693,0.6037735849056604,96724.79496337473,54339.930849382654,22022.44913992282,,,,,,,,,,,,
Inter-DAO Cooperation-heterogeneous-governance-run-039,heterogeneous-governance,805,561,61,0.18032786885245902,0.29508196721311475,0.11475409836065574,0.3770491803278688,0.21311475409836064,102.22071857092918,0.45901639344262296,244754.15007211268,35568.17091302946,23984.974501367193,,,,,,,,,,,,
Inter-DAO Cooperation-heterogeneous-governance-run-040,heterogeneous-governance,806,453,51,0.2549019607843137,0.13725490196078433,0.27450980392156865,0.2549019607843137,0.3333333333333333,105.08915231024615,0.5882352941176471,107819.51051205397,39252.09644366987,32074.364753629365,,,,,,,,,,,,
Inter-DAO Cooperation-heterogeneous-governance-run-041,heterogeneous-governance,807,479,41,0.17073170731707318,0.3170731707317073,0.14634146341463414,0.34146341463414637,0.1951219512195122,104.16042165656012,0.4634146341463415,123363.11768740416,38116.38966319151,23999.04986837976,,,,,,,,,,,,
Inter-DAO Cooperation-heterogeneous-governance-run-042,heterogeneous-governance,808,498,49,0.20408163265306123,0.12244897959183673,0.20408163265306123,0.40816326530612246,0.2653061224489796,105.48910239684209,0.5306122448979592,77609.08455587924,72367.99907754175,20145.61862107196,,,,,,,,,,,,
Inter-DAO Cooperation-heterogeneous-governance-run-043,heterogeneous-governance,809,408,48,0.25,0.2708333333333333,0.2916666666666667,0.16666666666666666,0.2708333333333333,110.17202737502546,0.6458333333333334,170844.20793689787,23694.72349411808,32015.791878400458,,,,,,,,,,,,
Inter-DAO Cooperation-heterogeneous-governance-run-044,heterogeneous-governance,810,464,68,0.16176470588235295,0.20588235294117646,0.29411764705882354,0.25,0.25,103.30764308433127,0.5882352941176471,125404.47991341352,43684.534303611144,23959.668728656794,,,,,,,,,,,,
Inter-DAO Cooperation-heterogeneous-governance-run-045,heterogeneous-governance,811,480,59,0.3220338983050847,0.15254237288135594,0.2711864406779661,0.2711864406779661,0.3050847457627119,102.89530623991237,0.7288135593220338,203212.53346279263,61176.91904655658,32154.365587007072,,,,,,,,,,,,
Inter-DAO Cooperation-heterogeneous-governance-run-046,heterogeneous-governance,812,424,36,0.19444444444444445,0.2777777777777778,0.3333333333333333,0.16666666666666666,0.2222222222222222,106.47435941230124,0.5277777777777778,59055.64163811505,21663.657737663016,21985.54158034554,,,,,,,,,,,,
Inter-DAO Cooperation-heterogeneous-governance-run-047,heterogeneous-governance,813,460,42,0.21428571428571427,0.3333333333333333,0.23809523809523808,0.16666666666666666,0.2619047619047619,108.72880546763194,0.6428571428571429,118896.74893580377,8370.425319299102,23998.196925876302,,,,,,,,,,,,
Inter-DAO Cooperation-heterogeneous-governance-run-048,heterogeneous-governance,814,505,49,0.22448979591836735,0.1836734693877551,0.24489795918367346,0.2653061224489796,0.30612244897959184,105.61688810592051,0.4489795918367347,154071.41968607903,68917.42441337556,24001.52818917123,,,,,,,,,,,,
Inter-DAO Cooperation-heterogeneous-governance-run-049,heterogeneous-governance,815,485,47,0.2765957446808511,0.3191489361702128,0.2127659574468085,0.23404255319148937,0.23404255319148937,106.32204532922756,0.5531914893617021,135811.03470176458,67900.91072791256,11983.026740643245,,,,,,,,,,,,
Inter-DAO Cooperation-heterogeneous-governance-run-050,heterogeneous-governance,816,522,47,0.2127659574468085,0.1702127659574468,0.1702127659574468,0.23404255319148937,0.425531914893617,99.17580439803595,0.46808510638297873,242640.49099758267,0,34040.291999621935,,,,,,,,,,,,
Inter-DAO Cooperation-heterogeneous-governance-run-051,heterogeneous-governance,817,477,40,0.3,0.3,0.225,0.35,0.125,102.38704173434218,0.625,78707.24613778293,69884.59879299626,29300.525050534474,,,,,,,,,,,,
Inter-DAO Cooperation-heterogeneous-governance-run-052,heterogeneous-governance,818,492,42,0.19047619047619047,0.21428571428571427,0.2619047619047619,0.23809523809523808,0.2857142857142857,99.9543433299866,0.47619047619047616,156741.60143360496,14268.00554501824,20352.981388368695,,,,,,,,,,,,
Inter-DAO Cooperation-heterogeneous-governance-run-053,heterogeneous-governance,819,443,64,0.265625,0.265625,0.25,0.1875,0.296875,102.24479165319914,0.5,403299.74266700447,37755.88005082682,32997.71011835938,,,,,,,,,,,,
Inter-DAO Cooperation-heterogeneous-governance-run-054,heterogeneous-governance,820,503,33,0.2727272727272727,0.30303030303030304,0.2727272727272727,0.3333333333333333,0.09090909090909091,102.11442041541282,0.6060606060606061,145242.78621189296,40219.37639918178,35972.23351448746,,,,,,,,,,,,
Inter-DAO Cooperation-heterogeneous-governance-run-055,heterogeneous-governance,821,530,44,0.29545454545454547,0.4090909090909091,0.22727272727272727,0.18181818181818182,0.18181818181818182,102.08411700206167,0.4772727272727273,181092.96275302768,51715.40203504264,11972.069765624998,,,,,,,,,,,,
Inter-DAO Cooperation-heterogeneous-governance-run-056,heterogeneous-governance,822,470,56,0.30357142857142855,0.25,0.23214285714285715,0.25,0.26785714285714285,105.1301313166338,0.5714285714285714,261437.6533217728,63508.69142450392,22103.712895829405,,,,,,,,,,,,
Inter-DAO Cooperation-heterogeneous-governance-run-057,heterogeneous-governance,823,484,44,0.18181818181818182,0.13636363636363635,0.3181818181818182,0.29545454545454547,0.25,105.18367312398698,0.6136363636363636,50608.609803020954,41557.93060082942,32051.7206020826,,,,,,,,,,,,
Inter-DAO Cooperation-heterogeneous-governance-run-058,heterogeneous-governance,824,466,53,0.24528301886792453,0.24528301886792453,0.22641509433962265,0.2830188679245283,0.24528301886792453,103.25006043561426,0.49056603773584906,165105.6157425046,16606.459820177406,22030.488741941008,,,,,,,,,,,,
Inter-DAO Cooperation-heterogeneous-governance-run-059,heterogeneous-governance,825,483,54,0.2037037037037037,0.2777777777777778,0.2222222222222222,0.2222222222222222,0.2777777777777778,100.61975012792013,0.5925925925925926,214328.8760818541,33860.04061321728,33168.80290656235,,,,,,,,,,,,
Inter-DAO Cooperation-heterogeneous-governance-run-060,heterogeneous-governance,826,433,44,0.29545454545454547,0.22727272727272727,0.29545454545454547,0.22727272727272727,0.25,103.79546617137576,0.6818181818181818,275424.18451979756,39651.48854185827,35987.73292519646,,,,,,,,,,,,
Inter-DAO Cooperation-asymmetric-treasury-run-001,asymmetric-treasury,827,443,64,0.203125,0.296875,0.234375,0.171875,0.296875,109.03745539701501,0.5625,293862.7467583865,50986.81826144457,35967.42072469542,,,,,,,,,,,,
Inter-DAO Cooperation-asymmetric-treasury-run-002,asymmetric-treasury,828,465,57,0.21052631578947367,0.2631578947368421,0.22807017543859648,0.24561403508771928,0.2631578947368421,106.78633000435757,0.5087719298245614,200721.25056758523,33706.843284890056,22127.278247029513,,,,,,,,,,,,
Inter-DAO Cooperation-asymmetric-treasury-run-003,asymmetric-treasury,829,434,39,0.2564102564102564,0.23076923076923078,0.20512820512820512,0.358974358974359,0.20512820512820512,110.44438200560244,0.5384615384615384,108878.10518033803,38745.6762092188,23909.89784621582,,,,,,,,,,,,
Inter-DAO Cooperation-asymmetric-treasury-run-004,asymmetric-treasury,830,401,56,0.21428571428571427,0.25,0.23214285714285715,0.16071428571428573,0.35714285714285715,111.59519515734371,0.5357142857142857,243760.38201153278,0,22274.346488111354,,,,,,,,,,,,
Inter-DAO Cooperation-asymmetric-treasury-run-005,asymmetric-treasury,831,415,44,0.29545454545454547,0.20454545454545456,0.3181818181818182,0.22727272727272727,0.25,106.45843032191317,0.5,189874.60227683187,54344.25728279166,22123.136058894564,,,,,,,,,,,,
Inter-DAO Cooperation-asymmetric-treasury-run-006,asymmetric-treasury,832,498,41,0.3170731707317073,0.3170731707317073,0.1951219512195122,0.21951219512195122,0.2682926829268293,99.53787551403494,0.6097560975609756,209452.91249081492,77508.73818993568,22017.95797744875,,,,,,,,,,,,
Inter-DAO Cooperation-asymmetric-treasury-run-007,asymmetric-treasury,833,408,50,0.22,0.26,0.26,0.18,0.3,106.35981107403316,0.62,149087.41945400834,43680.11227576062,34033.41062167386,,,,,,,,,,,,
Inter-DAO Cooperation-asymmetric-treasury-run-008,asymmetric-treasury,834,511,54,0.14814814814814814,0.2962962962962963,0.14814814814814814,0.14814814814814814,0.4074074074074074,100.55033841938646,0.5555555555555556,122846.77492454648,34595.807562582195,11990.47623864769,,,,,,,,,,,,
Inter-DAO Cooperation-asymmetric-treasury-run-009,asymmetric-treasury,835,487,36,0.25,0.19444444444444445,0.2777777777777778,0.1388888888888889,0.3888888888888889,104.76939217596545,0.5833333333333334,137773.2767071575,6768.216051859781,21974.162800656984,,,,,,,,,,,,
Inter-DAO Cooperation-asymmetric-treasury-run-010,asymmetric-treasury,836,448,41,0.12195121951219512,0.2682926829268293,0.2682926829268293,0.3170731707317073,0.14634146341463414,105.37781642136903,0.5121951219512195,57726.60537622869,0,32155.732663181487,,,,,,,,,,,,
Inter-DAO Cooperation-asymmetric-treasury-run-011,asymmetric-treasury,837,425,44,0.3181818181818182,0.29545454545454547,0.29545454545454547,0.2727272727272727,0.13636363636363635,113.15657580362384,0.5681818181818182,114861.18239350617,71129.48994385079,22105.668904466685,,,,,,,,,,,,
Inter-DAO Cooperation-asymmetric-treasury-run-012,asymmetric-treasury,838,408,54,0.14814814814814814,0.2962962962962963,0.2037037037037037,0.3333333333333333,0.16666666666666666,103.1544639753705,0.46296296296296297,169074.62905161083,25832.772768335417,21991.12757212961,,,,,,,,,,,,
Inter-DAO Cooperation-asymmetric-treasury-run-013,asymmetric-treasury,839,390,39,0.2564102564102564,0.2564102564102564,0.358974358974359,0.20512820512820512,0.1794871794871795,111.89604788855613,0.4358974358974359,118335.93706600368,9471.88394726254,32035.522071920524,,,,,,,,,,,,
Inter-DAO Cooperation-asymmetric-treasury-run-014,asymmetric-treasury,840,461,64,0.203125,0.203125,0.28125,0.15625,0.359375,108.58240097343172,0.5625,271914.97499123216,12840.369442710653,22070.417859944828,,,,,,,,,,,,
Inter-DAO Cooperation-asymmetric-treasury-run-015,asymmetric-treasury,841,472,47,0.1702127659574468,0.1702127659574468,0.23404255319148937,0.2127659574468085,0.3829787234042553,109.1119335809422,0.5319148936170213,144213.9985319227,51527.92780660093,21979.287069492795,,,,,,,,,,,,
Inter-DAO Cooperation-asymmetric-treasury-run-016,asymmetric-treasury,842,453,44,0.25,0.1590909090909091,0.25,0.36363636363636365,0.22727272727272727,108.774844736579,0.6818181818181818,102940.80218300223,51708.42371066101,22165.049610774222,,,,,,,,,,,,
Inter-DAO Cooperation-asymmetric-treasury-run-017,asymmetric-treasury,843,426,69,0.18840579710144928,0.2028985507246377,0.3188405797101449,0.2318840579710145,0.2463768115942029,104.36301310502684,0.5217391304347826,80277.0762052387,27186.279287561774,22049.29290956021,,,,,,,,,,,,
Inter-DAO Cooperation-asymmetric-treasury-run-018,asymmetric-treasury,844,445,62,0.14516129032258066,0.3225806451612903,0.20967741935483872,0.22580645161290322,0.24193548387096775,106.73623815721712,0.43548387096774194,179310.52486412227,0,23959.703692738367,,,,,,,,,,,,
Inter-DAO Cooperation-asymmetric-treasury-run-019,asymmetric-treasury,845,500,46,0.2608695652173913,0.15217391304347827,0.17391304347826086,0.3695652173913043,0.30434782608695654,112.8118603943726,0.5434782608695652,118281.95407986641,61570.57189964689,22169.66643914156,,,,,,,,,,,,
Inter-DAO Cooperation-asymmetric-treasury-run-020,asymmetric-treasury,846,443,42,0.07142857142857142,0.2619047619047619,0.19047619047619047,0.30952380952380953,0.23809523809523808,114.2521406610087,0.5,65046.879164874554,0,33918.8971446041,,,,,,,,,,,,
Inter-DAO Cooperation-asymmetric-treasury-run-021,asymmetric-treasury,847,483,46,0.30434782608695654,0.2826086956521739,0.2608695652173913,0.2826086956521739,0.17391304347826086,109.6584152449222,0.5652173913043478,136723.14774245024,71677.18190117739,22171.26066382493,,,,,,,,,,,,
Inter-DAO Cooperation-asymmetric-treasury-run-022,asymmetric-treasury,848,520,54,0.16666666666666666,0.25925925925925924,0.2962962962962963,0.12962962962962962,0.3148148148148148,108.10917335337997,0.5370370370370371,153204.18532006443,8030.4427817463875,23933.573904131288,,,,,,,,,,,,
Inter-DAO Cooperation-asymmetric-treasury-run-023,asymmetric-treasury,849,463,54,0.24074074074074073,0.16666666666666666,0.2962962962962963,0.25925925925925924,0.2777777777777778,105.23834079310998,0.5185185185185185,107463.98335322738,56664.78836094029,32128.03846631693,,,,,,,,,,,,
Inter-DAO Cooperation-asymmetric-treasury-run-024,asymmetric-treasury,850,499,50,0.18,0.28,0.24,0.26,0.22,103.3892271290394,0.58,120001.9667390734,25930.771123385057,35995.986797671285,,,,,,,,,,,,
Inter-DAO Cooperation-asymmetric-treasury-run-025,asymmetric-treasury,851,444,51,0.17647058823529413,0.2549019607843137,0.21568627450980393,0.27450980392156865,0.2549019607843137,106.10147260751184,0.47058823529411764,97115.40141142905,23625.524184899405,22108.035478153644,,,,,,,,,,,,
Inter-DAO Cooperation-asymmetric-treasury-run-026,asymmetric-treasury,852,453,41,0.1951219512195122,0.2926829268292683,0.24390243902439024,0.1951219512195122,0.2682926829268293,97.64204030790387,0.5121951219512195,106755.00373356044,18240.254829870537,22207.94735945702,,,,,,,,,,,,
Inter-DAO Cooperation-asymmetric-treasury-run-027,asymmetric-treasury,853,402,43,0.2558139534883721,0.2558139534883721,0.20930232558139536,0.32558139534883723,0.20930232558139536,109.24637124015638,0.7441860465116279,152223.17508421838,27476.72779718414,33904.322935532575,,,,,,,,,,,,
Inter-DAO Cooperation-asymmetric-treasury-run-028,asymmetric-treasury,854,462,43,0.18604651162790697,0.27906976744186046,0.20930232558139536,0.13953488372093023,0.37209302325581395,108.18889290346523,0.5348837209302325,153054.14418689907,13515.956398332492,23974.91650649414,,,,,,,,,,,,
Inter-DAO Cooperation-asymmetric-treasury-run-029,asymmetric-treasury,855,487,41,0.14634146341463414,0.24390243902439024,0.1951219512195122,0.2682926829268293,0.2926829268292683,112.31559576848436,0.36585365853658536,175796.0114069283,0,34071.3126895203,,,,,,,,,,,,
Inter-DAO Cooperation-asymmetric-treasury-run-030,asymmetric-treasury,856,497,52,0.21153846153846154,0.3076923076923077,0.19230769230769232,0.28846153846153844,0.21153846153846154,95.58131569884034,0.46153846153846156,260595.83739377558,29604.753565508872,33954.537964012765,,,,,,,,,,,,
Inter-DAO Cooperation-asymmetric-treasury-run-031,asymmetric-treasury,857,437,39,0.1794871794871795,0.1794871794871795,0.28205128205128205,0.38461538461538464,0.15384615384615385,101.84691240013031,0.48717948717948717,73832.42616429925,58252.11458373815,34081.56911188646,,,,,,,,,,,,
Inter-DAO Cooperation-asymmetric-treasury-run-032,asymmetric-treasury,858,390,53,0.22641509433962265,0.20754716981132076,0.20754716981132076,0.2830188679245283,0.3018867924528302,104.77948702635857,0.5283018867924528,87442.5582587719,66891.64164243266,23999.396923464286,,,,,,,,,,,,
Inter-DAO Cooperation-asymmetric-treasury-run-033,asymmetric-treasury,859,468,52,0.17307692307692307,0.38461538461538464,0.17307692307692307,0.28846153846153844,0.15384615384615385,102.79343914493724,0.5576923076923077,155719.7094336152,34717.67739392817,23997.803161531116,,,,,,,,,,,,
Inter-DAO Cooperation-asymmetric-treasury-run-034,asymmetric-treasury,860,417,47,0.3191489361702128,0.23404255319148937,0.2553191489361702,0.2765957446808511,0.23404255319148937,114.1828007320457,0.5319148936170213,235841.4255362004,53681.25180131756,24017.896239453123,,,,,,,,,,,,
Inter-DAO Cooperation-asymmetric-treasury-run-035,asymmetric-treasury,861,465,56,0.17857142857142858,0.25,0.30357142857142855,0.19642857142857142,0.25,109.59021922692943,0.5178571428571429,249650.27820318937,21394.687584834173,34042.0289086408,,,,,,,,,,,,
Inter-DAO Cooperation-asymmetric-treasury-run-036,asymmetric-treasury,862,405,54,0.18518518518518517,0.2222222222222222,0.2962962962962963,0.18518518518518517,0.2962962962962963,111.80643458772967,0.46296296296296297,143392.45030656457,50001.33174820803,22161.87228252904,,,,,,,,,,,,
Inter-DAO Cooperation-asymmetric-treasury-run-037,asymmetric-treasury,863,393,54,0.2037037037037037,0.2037037037037037,0.25925925925925924,0.3333333333333333,0.2037037037037037,113.6631163331983,0.5,97498.69314953685,59348.552245646715,32169.217086858673,,,,,,,,,,,,
Inter-DAO Cooperation-asymmetric-treasury-run-038,asymmetric-treasury,864,380,33,0.24242424242424243,0.18181818181818182,0.2727272727272727,0.2727272727272727,0.2727272727272727,104.67934920033487,0.6666666666666666,147881.54081441462,7650.533848209307,23940.733429569707,,,,,,,,,,,,
Inter-DAO Cooperation-asymmetric-treasury-run-039,asymmetric-treasury,865,459,43,0.18604651162790697,0.27906976744186046,0.20930232558139536,0.18604651162790697,0.32558139534883723,111.28617554475335,0.5348837209302325,113102.43004933,26709.44749028422,12000.00000001557,,,,,,,,,,,,
Inter-DAO Cooperation-asymmetric-treasury-run-040,asymmetric-treasury,866,412,55,0.12727272727272726,0.21818181818181817,0.21818181818181817,0.3090909090909091,0.2545454545454545,105.32336971701314,0.5272727272727272,102277.41084992886,37611.22392490506,33977.37353174072,,,,,,,,,,,,
Inter-DAO Cooperation-asymmetric-treasury-run-041,asymmetric-treasury,867,490,47,0.2127659574468085,0.2127659574468085,0.23404255319148937,0.23404255319148937,0.3191489361702128,110.466383742127,0.46808510638297873,158806.4747583121,32893.56049033813,33961.22933381478,,,,,,,,,,,,
Inter-DAO Cooperation-asymmetric-treasury-run-042,asymmetric-treasury,868,397,51,0.2549019607843137,0.27450980392156865,0.27450980392156865,0.27450980392156865,0.17647058823529413,110.3645393353981,0.5294117647058824,259138.60053755343,39756.94445078261,22026.15998863421,,,,,,,,,,,,
Inter-DAO Cooperation-asymmetric-treasury-run-043,asymmetric-treasury,869,392,48,0.3125,0.2708333333333333,0.3333333333333333,0.20833333333333334,0.1875,111.3014978340021,0.5833333333333334,207546.4108865708,30585.618532495573,30204.07578509466,,,,,,,,,,,,
Inter-DAO Cooperation-asymmetric-treasury-run-044,asymmetric-treasury,870,459,49,0.22448979591836735,0.24489795918367346,0.2653061224489796,0.2653061224489796,0.22448979591836735,110.19293382957423,0.46938775510204084,173392.17212982476,53243.59828722663,23363.9397798863,,,,,,,,,,,,
Inter-DAO Cooperation-asymmetric-treasury-run-045,asymmetric-treasury,871,473,62,0.1774193548387097,0.25806451612903225,0.25806451612903225,0.3064516129032258,0.1774193548387097,108.85973170460736,0.5483870967741935,63470.104997977614,76349.37221650034,21999.378123992574,,,,,,,,,,,,
Inter-DAO Cooperation-asymmetric-treasury-run-046,asymmetric-treasury,872,465,39,0.23076923076923078,0.28205128205128205,0.2564102564102564,0.3076923076923077,0.15384615384615385,105.68053589412648,0.5641025641025641,125684.67748351395,14482.802256243303,33973.5545803608,,,,,,,,,,,,
Inter-DAO Cooperation-asymmetric-treasury-run-047,asymmetric-treasury,873,435,46,0.2608695652173913,0.30434782608695654,0.2608695652173913,0.17391304347826086,0.2608695652173913,101.44395264807423,0.41304347826086957,131663.69154118001,38611.16712912917,22118.740493821162,,,,,,,,,,,,
Inter-DAO Cooperation-asymmetric-treasury-run-048,asymmetric-treasury,874,479,55,0.23636363636363636,0.36363636363636365,0.18181818181818182,0.2,0.2545454545454545,105.12786479565737,0.4909090909090909,251371.26370333135,30040.95457145013,22103.64314936281,,,,,,,,,,,,
Inter-DAO Cooperation-asymmetric-treasury-run-049,asymmetric-treasury,875,459,59,0.2711864406779661,0.2711864406779661,0.2542372881355932,0.23728813559322035,0.23728813559322035,103.38076367922939,0.711864406779661,259066.0832915455,51992.29811318219,21989.677645431013,,,,,,,,,,,,
Inter-DAO Cooperation-asymmetric-treasury-run-050,asymmetric-treasury,876,512,66,0.25757575757575757,0.25757575757575757,0.2878787878787879,0.21212121212121213,0.24242424242424243,102.84061618811646,0.5909090909090909,295259.4190277159,74291.95370408706,23952.808780307656,,,,,,,,,,,,
Inter-DAO Cooperation-asymmetric-treasury-run-051,asymmetric-treasury,877,491,40,0.15,0.275,0.25,0.25,0.225,104.00349855226654,0.525,64483.17525908351,24371.895499061793,32062.78123821084,,,,,,,,,,,,
Inter-DAO Cooperation-asymmetric-treasury-run-052,asymmetric-treasury,878,385,44,0.22727272727272727,0.13636363636363635,0.45454545454545453,0.20454545454545456,0.20454545454545456,103.28763705038027,0.5,145009.0298242867,27129.042119486257,23958.440123087894,,,,,,,,,,,,
Inter-DAO Cooperation-asymmetric-treasury-run-053,asymmetric-treasury,879,443,53,0.24528301886792453,0.22641509433962265,0.1509433962264151,0.3018867924528302,0.32075471698113206,103.10383294496513,0.6037735849056604,199918.90576668084,57476.70178185217,34019.95574732938,,,,,,,,,,,,
Inter-DAO Cooperation-asymmetric-treasury-run-054,asymmetric-treasury,880,459,61,0.21311475409836064,0.22950819672131148,0.3442622950819672,0.21311475409836064,0.21311475409836064,106.83984854247826,0.6229508196721312,136125.2032034099,37084.560164948925,23949.591262120026,,,,,,,,,,,,
Inter-DAO Cooperation-asymmetric-treasury-run-055,asymmetric-treasury,881,392,48,0.1875,0.2708333333333333,0.25,0.25,0.22916666666666666,109.74038423947523,0.5,94921.2696403265,54085.929091088474,32041.200304330057,,,,,,,,,,,,
Inter-DAO Cooperation-asymmetric-treasury-run-056,asymmetric-treasury,882,423,55,0.14545454545454545,0.2909090909090909,0.21818181818181817,0.2909090909090909,0.2,108.24075320774762,0.5636363636363636,173605.5698338896,15805.256952298805,22056.626265042985,,,,,,,,,,,,
Inter-DAO Cooperation-asymmetric-treasury-run-057,asymmetric-treasury,883,444,61,0.19672131147540983,0.26229508196721313,0.29508196721311475,0.18032786885245902,0.26229508196721313,100.18081967273581,0.6065573770491803,131603.55661064386,26434.260668465868,34016.28022191438,,,,,,,,,,,,
Inter-DAO Cooperation-asymmetric-treasury-run-058,asymmetric-treasury,884,406,51,0.17647058823529413,0.3137254901960784,0.1568627450980392,0.27450980392156865,0.2549019607843137,107.86549360700725,0.5490196078431373,217481.09235428274,7801.453566644341,23995.600002641564,,,,,,,,,,,,
Inter-DAO Cooperation-asymmetric-treasury-run-059,asymmetric-treasury,885,445,53,0.32075471698113206,0.32075471698113206,0.20754716981132076,0.24528301886792453,0.22641509433962265,107.77961113162281,0.5849056603773585,256862.8723639995,107522.34605140984,23982.480850457003,,,,,,,,,,,,
Inter-DAO Cooperation-asymmetric-treasury-run-060,asymmetric-treasury,886,443,62,0.16129032258064516,0.3064516129032258,0.20967741935483872,0.2903225806451613,0.1935483870967742,105.54800974093315,0.46774193548387094,252166.36538505554,26389.148165471852,11969.015518749997,,,,,,,,,,,,
Inter-DAO Cooperation-specialized-daos-run-001,specialized-daos,887,494,87,0.14942528735632185,0.20689655172413793,0.20689655172413793,0.42528735632183906,0.16091954022988506,123.39842448726922,0.4367816091954023,230441.56083837152,30079.58552450873,10040.796643663654,,,,,,,,,,,,
Inter-DAO Cooperation-specialized-daos-run-002,specialized-daos,888,478,79,0.20253164556962025,0.24050632911392406,0.22784810126582278,0.22784810126582278,0.3037974683544304,122.8000706528622,0.6835443037974683,275613.34770172834,37571.629660669714,33992.53456217996,,,,,,,,,,,,
Inter-DAO Cooperation-specialized-daos-run-003,specialized-daos,889,510,67,0.16417910447761194,0.208955223880597,0.2537313432835821,0.23880597014925373,0.29850746268656714,115.67823495121878,0.5223880597014925,182742.83634498715,6361.8573802523315,11984.590450511167,,,,,,,,,,,,
Inter-DAO Cooperation-specialized-daos-run-004,specialized-daos,890,530,80,0.2125,0.25,0.2125,0.1875,0.35,115.67505946490861,0.6375,292215.89121967554,43690.11885719374,34008.01998982315,,,,,,,,,,,,
Inter-DAO Cooperation-specialized-daos-run-005,specialized-daos,891,470,72,0.18055555555555555,0.20833333333333334,0.3194444444444444,0.2222222222222222,0.25,121.5501256769868,0.5138888888888888,178764.58883285522,14247.697222745046,22141.735195675945,,,,,,,,,,,,
Inter-DAO Cooperation-specialized-daos-run-006,specialized-daos,892,489,70,0.22857142857142856,0.18571428571428572,0.3,0.22857142857142856,0.2857142857142857,127.48370830127364,0.6285714285714286,213627.25143320858,72689.1759771388,35913.07158766497,,,,,,,,,,,,
Inter-DAO Cooperation-specialized-daos-run-007,specialized-daos,893,491,83,0.24096385542168675,0.1566265060240964,0.27710843373493976,0.2891566265060241,0.27710843373493976,126.68590424796908,0.5662650602409639,156831.70998468995,101040.63432198018,23961.40444327011,,,,,,,,,,,,
Inter-DAO Cooperation-specialized-daos-run-008,specialized-daos,894,477,71,0.18309859154929578,0.18309859154929578,0.23943661971830985,0.323943661971831,0.2535211267605634,125.28999553657621,0.4788732394366197,118164.68641161919,86510.58865129016,33994.696268716856,,,,,,,,,,,,
Inter-DAO Cooperation-specialized-daos-run-009,specialized-daos,895,517,73,0.3150684931506849,0.3287671232876712,0.2054794520547945,0.2602739726027397,0.2054794520547945,125.77476959927179,0.6301369863013698,565872.5403249264,45296.9620982185,33963.48479245556,,,,,,,,,,,,
Inter-DAO Cooperation-specialized-daos-run-010,specialized-daos,896,549,86,0.23255813953488372,0.27906976744186046,0.3023255813953488,0.20930232558139536,0.20930232558139536,126.50389171644596,0.46511627906976744,269813.0419664085,39814.71810839139,34054.210116940776,,,,,,,,,,,,
Inter-DAO Cooperation-specialized-daos-run-011,specialized-daos,897,457,65,0.13846153846153847,0.15384615384615385,0.3230769230769231,0.2,0.3230769230769231,135.24475471038295,0.6,108553.59120294452,21985.93334760517,24000.00077590467,,,,,,,,,,,,
Inter-DAO Cooperation-specialized-daos-run-012,specialized-daos,898,491,73,0.1506849315068493,0.273972602739726,0.2191780821917808,0.2602739726027397,0.2465753424657534,101.49472050336009,0.4520547945205479,210668.88809204102,28145.297304727137,35955.82358502963,,,,,,,,,,,,
Inter-DAO Cooperation-specialized-daos-run-013,specialized-daos,899,495,75,0.2,0.2,0.29333333333333333,0.24,0.26666666666666666,115.0262553852476,0.56,176441.76196306944,82467.68793440424,21955.280933668655,,,,,,,,,,,,
Inter-DAO Cooperation-specialized-daos-run-014,specialized-daos,900,532,80,0.2375,0.2875,0.3,0.125,0.2875,105.42023125609745,0.5125,324194.64195147157,35078.89163331129,33907.79519179642,,,,,,,,,,,,
Inter-DAO Cooperation-specialized-daos-run-015,specialized-daos,901,498,78,0.20512820512820512,0.41025641025641024,0.15384615384615385,0.23076923076923078,0.20512820512820512,125.86924674743638,0.48717948717948717,315333.2161344588,58885.36295387894,22097.716007284616,,,,,,,,,,,,
Inter-DAO Cooperation-specialized-daos-run-016,specialized-daos,902,494,65,0.18461538461538463,0.3384615384615385,0.16923076923076924,0.3076923076923077,0.18461538461538463,127.98124015369012,0.49230769230769234,198927.83938907087,58492.73073254153,34186.26663279921,,,,,,,,,,,,
Inter-DAO Cooperation-specialized-daos-run-017,specialized-daos,903,457,70,0.3142857142857143,0.3,0.2571428571428571,0.2571428571428571,0.18571428571428572,119.9006122528261,0.5857142857142857,246060.6123600155,130869.00849244557,32174.602548961477,,,,,,,,,,,,
Inter-DAO Cooperation-specialized-daos-run-018,specialized-daos,904,473,65,0.23076923076923078,0.18461538461538463,0.27692307692307694,0.27692307692307694,0.26153846153846155,110.44336618128322,0.5846153846153846,236165.5098386109,59788.89830643311,22029.653529914904,,,,,,,,,,,,
Inter-DAO Cooperation-specialized-daos-run-019,specialized-daos,905,494,67,0.19402985074626866,0.208955223880597,0.29850746268656714,0.29850746268656714,0.19402985074626866,116.72597213118658,0.582089552238806,101408.10533426702,68910.5787803419,34000.97566067418,,,,,,,,,,,,
Inter-DAO Cooperation-specialized-daos-run-020,specialized-daos,906,497,67,0.22388059701492538,0.2537313432835821,0.2835820895522388,0.31343283582089554,0.14925373134328357,127.27618594947329,0.5671641791044776,281415.52004031837,28064.062680350617,22111.427951057463,,,,,,,,,,,,
Inter-DAO Cooperation-specialized-daos-run-021,specialized-daos,907,550,91,0.21978021978021978,0.26373626373626374,0.23076923076923078,0.27472527472527475,0.23076923076923078,121.77765298631297,0.5494505494505495,393316.0118199885,100067.83446180634,29776.6113952132,,,,,,,,,,,,
Inter-DAO Cooperation-specialized-daos-run-022,specialized-daos,908,576,73,0.1643835616438356,0.2602739726027397,0.3150684931506849,0.2054794520547945,0.2191780821917808,119.07331415568252,0.4931506849315068,93303.90868708491,44624.51945291832,34149.38771636167,,,,,,,,,,,,
Inter-DAO Cooperation-specialized-daos-run-023,specialized-daos,909,526,76,0.25,0.3026315789473684,0.23684210526315788,0.23684210526315788,0.2236842105263158,120.5797554890664,0.6052631578947368,292955.8573104441,37140.58483368717,35974.770894698464,,,,,,,,,,,,
Inter-DAO Cooperation-specialized-daos-run-024,specialized-daos,910,469,59,0.1694915254237288,0.23728813559322035,0.1694915254237288,0.2711864406779661,0.3220338983050847,123.93866594472627,0.5423728813559322,112243.99848841131,56708.88272696175,33910.03761410307,,,,,,,,,,,,
Inter-DAO Cooperation-specialized-daos-run-025,specialized-daos,911,538,89,0.23595505617977527,0.20224719101123595,0.24719101123595505,0.30337078651685395,0.24719101123595505,121.8560227853446,0.550561797752809,315459.60524119437,44390.40101133287,32326.93328323527,,,,,,,,,,,,
Inter-DAO Cooperation-specialized-daos-run-026,specialized-daos,912,475,76,0.34210526315789475,0.25,0.2631578947368421,0.2894736842105263,0.19736842105263158,118.69245526486294,0.6578947368421053,237093.67368370295,105120.84289221093,34064.931427611315,,,,,,,,,,,,
Inter-DAO Cooperation-specialized-daos-run-027,specialized-daos,913,472,72,0.19444444444444445,0.2361111111111111,0.2777777777777778,0.2638888888888889,0.2222222222222222,112.7122251562107,0.5555555555555556,165388.42724636197,63015.75802383013,34083.20680367428,,,,,,,,,,,,
Inter-DAO Cooperation-specialized-daos-run-028,specialized-daos,914,549,86,0.22093023255813954,0.26744186046511625,0.2558139534883721,0.2441860465116279,0.23255813953488372,118.49563064535194,0.6046511627906976,240645.5143261701,93372.15761188418,11981.937445312502,,,,,,,,,,,,
Inter-DAO Cooperation-specialized-daos-run-029,specialized-daos,915,467,70,0.17142857142857143,0.34285714285714286,0.2714285714285714,0.22857142857142856,0.15714285714285714,112.10276761310867,0.37142857142857144,168080.15754446387,74865.77573348768,21964.644816189182,,,,,,,,,,,,
Inter-DAO Cooperation-specialized-daos-run-030,specialized-daos,916,558,71,0.2535211267605634,0.3380281690140845,0.28169014084507044,0.15492957746478872,0.22535211267605634,117.89135570412543,0.49295774647887325,331167.8118724376,8204.233172582462,22103.693473229774,,,,,,,,,,,,
Inter-DAO Cooperation-specialized-daos-run-031,specialized-daos,917,538,88,0.22727272727272727,0.26136363636363635,0.22727272727272727,0.25,0.26136363636363635,134.22979833365062,0.5227272727272727,227590.5974395573,86173.4330537729,34184.83690780224,,,,,,,,,,,,
Inter-DAO Cooperation-specialized-daos-run-032,specialized-daos,918,579,72,0.2361111111111111,0.3472222222222222,0.18055555555555555,0.2638888888888889,0.20833333333333334,116.3449214120683,0.5833333333333334,373847.2815044224,25276.42826666124,19057.261616070442,,,,,,,,,,,,
Inter-DAO Cooperation-specialized-daos-run-033,specialized-daos,919,542,61,0.2459016393442623,0.26229508196721313,0.3442622950819672,0.19672131147540983,0.19672131147540983,117.1975138792252,0.5901639344262295,145085.3924639523,49507.525087101385,24056.27813394989,,,,,,,,,,,,
Inter-DAO Cooperation-specialized-daos-run-034,specialized-daos,920,517,71,0.29577464788732394,0.16901408450704225,0.3380281690140845,0.18309859154929578,0.30985915492957744,120.78890907788929,0.676056338028169,250389.32946510613,25606.68876278214,22061.483512145296,,,,,,,,,,,,
Inter-DAO Cooperation-specialized-daos-run-035,specialized-daos,921,540,77,0.15584415584415584,0.24675324675324675,0.2987012987012987,0.23376623376623376,0.22077922077922077,131.8611381186138,0.5844155844155844,39570.62651403248,43817.26836087182,34182.10952095443,,,,,,,,,,,,
Inter-DAO Cooperation-specialized-daos-run-036,specialized-daos,922,517,92,0.25,0.31521739130434784,0.20652173913043478,0.22826086956521738,0.25,120.4759585351304,0.4891304347826087,341162.59173490107,78393.0139138829,23999.101993750315,,,,,,,,,,,,
Inter-DAO Cooperation-specialized-daos-run-037,specialized-daos,923,497,74,0.28378378378378377,0.20270270270270271,0.28378378378378377,0.21621621621621623,0.2972972972972973,120.65774393752947,0.5405405405405406,324061.6116113961,52437.9868991673,35974.146802726194,,,,,,,,,,,,
Inter-DAO Cooperation-specialized-daos-run-038,specialized-daos,924,474,74,0.28378378378378377,0.28378378378378377,0.20270270270270271,0.14864864864864866,0.36486486486486486,126.30169377425028,0.6621621621621622,441837.8920480609,66775.59173898771,32361.2983991339,,,,,,,,,,,,
Inter-DAO Cooperation-specialized-daos-run-039,specialized-daos,925,544,83,0.18072289156626506,0.14457831325301204,0.3493975903614458,0.20481927710843373,0.30120481927710846,117.42427625884966,0.4819277108433735,199113.0220144987,17930.146501166746,22123.368817375955,,,,,,,,,,,,
Inter-DAO Cooperation-specialized-daos-run-040,specialized-daos,926,503,71,0.22535211267605634,0.2112676056338028,0.29577464788732394,0.23943661971830985,0.2535211267605634,125.8532185352734,0.5211267605633803,360617.10045672953,13636.452878126875,34158.3451595731,,,,,,,,,,,,
Inter-DAO Cooperation-specialized-daos-run-041,specialized-daos,927,499,91,0.21978021978021978,0.3076923076923077,0.21978021978021978,0.25274725274725274,0.21978021978021978,122.53243087120511,0.5054945054945055,372737.6969344914,54886.45503646694,34143.35164837712,,,,,,,,,,,,
Inter-DAO Cooperation-specialized-daos-run-042,specialized-daos,928,515,64,0.28125,0.265625,0.078125,0.421875,0.234375,109.51654215930934,0.546875,250130.13068586588,110519.94691835716,20301.451001173024,,,,,,,,,,,,
Inter-DAO Cooperation-specialized-daos-run-043,specialized-daos,929,482,65,0.24615384615384617,0.3384615384615385,0.23076923076923078,0.2153846153846154,0.2153846153846154,114.23097401778551,0.47692307692307695,343510.0462846458,15885.381551925093,11999.90135656136,,,,,,,,,,,,
Inter-DAO Cooperation-specialized-daos-run-044,specialized-daos,930,540,78,0.24358974358974358,0.16666666666666666,0.32051282051282054,0.1794871794871795,0.3333333333333333,120.64450910492269,0.5256410256410257,285435.8415585011,35425.02635740675,12000.000000005666,,,,,,,,,,,,
Inter-DAO Cooperation-specialized-daos-run-045,specialized-daos,931,487,72,0.18055555555555555,0.20833333333333334,0.2638888888888889,0.2638888888888889,0.2638888888888889,114.9077686794139,0.5,245521.88901230693,0,20276.63135938718,,,,,,,,,,,,
Inter-DAO Cooperation-specialized-daos-run-046,specialized-daos,932,529,69,0.18840579710144928,0.2753623188405797,0.2463768115942029,0.2318840579710145,0.2463768115942029,107.00047285218454,0.6086956521739131,236015.2020212263,12282.585492357612,34041.188889827885,,,,,,,,,,,,
Inter-DAO Cooperation-specialized-daos-run-047,specialized-daos,933,513,72,0.20833333333333334,0.2638888888888889,0.2361111111111111,0.25,0.25,121.11750932226926,0.5,175834.5377445221,47278.443921823055,23994.27018808725,,,,,,,,,,,,
Inter-DAO Cooperation-specialized-daos-run-048,specialized-daos,934,531,82,0.2073170731707317,0.1951219512195122,0.2682926829268293,0.35365853658536583,0.18292682926829268,125.46314309239918,0.5121951219512195,334296.2693888694,85920.27346487157,33978.09688799223,,,,,,,,,,,,
Inter-DAO Cooperation-specialized-daos-run-049,specialized-daos,935,551,83,0.27710843373493976,0.14457831325301204,0.25301204819277107,0.3132530120481928,0.2891566265060241,108.53649658708254,0.5421686746987951,342188.80073167384,63512.663677101955,32206.850136086112,,,,,,,,,,,,
Inter-DAO Cooperation-specialized-daos-run-050,specialized-daos,936,466,89,0.3258426966292135,0.15730337078651685,0.29213483146067415,0.30337078651685395,0.24719101123595505,108.36997399688738,0.6292134831460674,338611.4604584873,119458.33417936228,22033.20408543145,,,,,,,,,,,,
Inter-DAO Cooperation-specialized-daos-run-051,specialized-daos,937,539,63,0.14285714285714285,0.25396825396825395,0.1746031746031746,0.23809523809523808,0.3333333333333333,121.25269116709237,0.5396825396825397,161767.904991284,46986.26455035992,11954.382047332763,,,,,,,,,,,,
Inter-DAO Cooperation-specialized-daos-run-052,specialized-daos,938,545,82,0.25609756097560976,0.25609756097560976,0.2804878048780488,0.17073170731707318,0.2926829268292683,117.63493436653236,0.4878048780487805,371323.7374089658,50283.27829553746,20043.02958157618,,,,,,,,,,,,
Inter-DAO Cooperation-specialized-daos-run-053,specialized-daos,939,670,71,0.19718309859154928,0.2112676056338028,0.18309859154929578,0.38028169014084506,0.22535211267605634,123.01722176324813,0.5633802816901409,95240.74074812233,119683.0235014204,34135.434216492664,,,,,,,,,,,,
Inter-DAO Cooperation-specialized-daos-run-054,specialized-daos,940,562,76,0.13157894736842105,0.2236842105263158,0.3157894736842105,0.2236842105263158,0.23684210526315788,102.17311658877206,0.47368421052631576,183222.50315919518,30896.854642778635,22051.667176606188,,,,,,,,,,,,
Inter-DAO Cooperation-specialized-daos-run-055,specialized-daos,941,507,80,0.2625,0.225,0.2125,0.2125,0.35,110.44476075154355,0.525,264145.10945789516,55965.32909781672,32289.505612827226,,,,,,,,,,,,
Inter-DAO Cooperation-specialized-daos-run-056,specialized-daos,942,517,62,0.16129032258064516,0.22580645161290322,0.27419354838709675,0.1935483870967742,0.3064516129032258,128.7938052406731,0.6129032258064516,161994.74170804024,44566.95380737074,23986.909697818934,,,,,,,,,,,,
Inter-DAO Cooperation-specialized-daos-run-057,specialized-daos,943,590,73,0.2328767123287671,0.2328767123287671,0.2602739726027397,0.1917808219178082,0.3150684931506849,126.50009113171069,0.5068493150684932,222371.47709354758,13489.117391873151,22076.823691147485,,,,,,,,,,,,
Inter-DAO Cooperation-specialized-daos-run-058,specialized-daos,944,521,81,0.14814814814814814,0.25925925925925924,0.2716049382716049,0.2222222222222222,0.24691358024691357,109.68824488629312,0.5061728395061729,163375.69126859307,49787.53000381403,22120.927220469177,,,,,,,,,,,,
Inter-DAO Cooperation-specialized-daos-run-059,specialized-daos,945,512,63,0.15873015873015872,0.23809523809523808,0.23809523809523808,0.20634920634920634,0.31746031746031744,119.41421945978288,0.5238095238095238,83917.31603071094,43466.52236650698,22058.622145982492,,,,,,,,,,,,
Inter-DAO Cooperation-specialized-daos-run-060,specialized-daos,946,560,88,0.19318181818181818,0.3181818181818182,0.26136363636363635,0.17045454545454544,0.25,115.54166659549576,0.5568181818181818,152265.41384123266,52054.29299501702,23922.52696746898,,,,,,,,,,,,
Inter-DAO Cooperation-isolated-daos-run-001,isolated-daos,947,466,0,0,0,0,0,0,0,0,0,0,35946.322809400976,,,,,,,,,,,,
Inter-DAO Cooperation-isolated-daos-run-002,isolated-daos,948,415,0,0,0,0,0,0,0,0,0,0,35979.027487689935,,,,,,,,,,,,
Inter-DAO Cooperation-isolated-daos-run-003,isolated-daos,949,466,0,0,0,0,0,0,0,0,0,0,35985.35912091216,,,,,,,,,,,,
Inter-DAO Cooperation-isolated-daos-run-004,isolated-daos,950,435,0,0,0,0,0,0,0,0,0,0,36013.1763117028,,,,,,,,,,,,
Inter-DAO Cooperation-isolated-daos-run-005,isolated-daos,951,411,0,0,0,0,0,0,0,0,0,0,35989.63701072235,,,,,,,,,,,,
Inter-DAO Cooperation-isolated-daos-run-006,isolated-daos,952,438,0,0,0,0,0,0,0,0,0,0,35978.609510744136,,,,,,,,,,,,
Inter-DAO Cooperation-isolated-daos-run-007,isolated-daos,953,384,0,0,0,0,0,0,0,0,0,0,35999.85271441114,,,,,,,,,,,,
Inter-DAO Cooperation-isolated-daos-run-008,isolated-daos,954,405,0,0,0,0,0,0,0,0,0,0,35881.40202903916,,,,,,,,,,,,
Inter-DAO Cooperation-isolated-daos-run-009,isolated-daos,955,534,0,0,0,0,0,0,0,0,0,0,35970.93888636188,,,,,,,,,,,,
Inter-DAO Cooperation-isolated-daos-run-010,isolated-daos,956,443,0,0,0,0,0,0,0,0,0,0,35953.065422716994,,,,,,,,,,,,
Inter-DAO Cooperation-isolated-daos-run-011,isolated-daos,957,466,0,0,0,0,0,0,0,0,0,0,35937.01986791703,,,,,,,,,,,,
Inter-DAO Cooperation-isolated-daos-run-012,isolated-daos,958,456,0,0,0,0,0,0,0,0,0,0,36010.08845155657,,,,,,,,,,,,
Inter-DAO Cooperation-isolated-daos-run-013,isolated-daos,959,466,0,0,0,0,0,0,0,0,0,0,36003.06373945758,,,,,,,,,,,,
Inter-DAO Cooperation-isolated-daos-run-014,isolated-daos,960,417,0,0,0,0,0,0,0,0,0,0,35961.535645102376,,,,,,,,,,,,
Inter-DAO Cooperation-isolated-daos-run-015,isolated-daos,961,450,0,0,0,0,0,0,0,0,0,0,35978.367758006076,,,,,,,,,,,,
Inter-DAO Cooperation-isolated-daos-run-016,isolated-daos,962,467,0,0,0,0,0,0,0,0,0,0,35985.50339725257,,,,,,,,,,,,
Inter-DAO Cooperation-isolated-daos-run-017,isolated-daos,963,355,0,0,0,0,0,0,0,0,0,0,35998.15507002287,,,,,,,,,,,,
Inter-DAO Cooperation-isolated-daos-run-018,isolated-daos,964,516,0,0,0,0,0,0,0,0,0,0,35909.14266280468,,,,,,,,,,,,
Inter-DAO Cooperation-isolated-daos-run-019,isolated-daos,965,466,0,0,0,0,0,0,0,0,0,0,36016.91195975054,,,,,,,,,,,,
Inter-DAO Cooperation-isolated-daos-run-020,isolated-daos,966,445,0,0,0,0,0,0,0,0,0,0,35906.69945323342,,,,,,,,,,,,
Inter-DAO Cooperation-isolated-daos-run-021,isolated-daos,967,397,0,0,0,0,0,0,0,0,0,0,35903.14130055853,,,,,,,,,,,,
Inter-DAO Cooperation-isolated-daos-run-022,isolated-daos,968,484,0,0,0,0,0,0,0,0,0,0,35931.69713091271,,,,,,,,,,,,
Inter-DAO Cooperation-isolated-daos-run-023,isolated-daos,969,494,0,0,0,0,0,0,0,0,0,0,35948.517519960216,,,,,,,,,,,,
Inter-DAO Cooperation-isolated-daos-run-024,isolated-daos,970,450,0,0,0,0,0,0,0,0,0,0,35964.653517577695,,,,,,,,,,,,
Inter-DAO Cooperation-isolated-daos-run-025,isolated-daos,971,437,0,0,0,0,0,0,0,0,0,0,35993.210452935076,,,,,,,,,,,,
Inter-DAO Cooperation-isolated-daos-run-026,isolated-daos,972,421,0,0,0,0,0,0,0,0,0,0,35966.168394923516,,,,,,,,,,,,
Inter-DAO Cooperation-isolated-daos-run-027,isolated-daos,973,423,0,0,0,0,0,0,0,0,0,0,35961.42193522554,,,,,,,,,,,,
Inter-DAO Cooperation-isolated-daos-run-028,isolated-daos,974,448,0,0,0,0,0,0,0,0,0,0,35998.96779158811,,,,,,,,,,,,
Inter-DAO Cooperation-isolated-daos-run-029,isolated-daos,975,481,0,0,0,0,0,0,0,0,0,0,35993.670244580455,,,,,,,,,,,,
Inter-DAO Cooperation-isolated-daos-run-030,isolated-daos,976,426,0,0,0,0,0,0,0,0,0,0,35994.512665139,,,,,,,,,,,,
Inter-DAO Cooperation-isolated-daos-run-031,isolated-daos,977,422,0,0,0,0,0,0,0,0,0,0,35928.02615070591,,,,,,,,,,,,
Inter-DAO Cooperation-isolated-daos-run-032,isolated-daos,978,366,0,0,0,0,0,0,0,0,0,0,34073.179791087736,,,,,,,,,,,,
Inter-DAO Cooperation-isolated-daos-run-033,isolated-daos,979,420,0,0,0,0,0,0,0,0,0,0,36002.71340013818,,,,,,,,,,,,
Inter-DAO Cooperation-isolated-daos-run-034,isolated-daos,980,375,0,0,0,0,0,0,0,0,0,0,34180.175710555195,,,,,,,,,,,,
Inter-DAO Cooperation-isolated-daos-run-035,isolated-daos,981,484,0,0,0,0,0,0,0,0,0,0,35954.37421231051,,,,,,,,,,,,
Inter-DAO Cooperation-isolated-daos-run-036,isolated-daos,982,412,0,0,0,0,0,0,0,0,0,0,35973.44726519738,,,,,,,,,,,,
Inter-DAO Cooperation-isolated-daos-run-037,isolated-daos,983,460,0,0,0,0,0,0,0,0,0,0,35951.13636404918,,,,,,,,,,,,
Inter-DAO Cooperation-isolated-daos-run-038,isolated-daos,984,370,0,0,0,0,0,0,0,0,0,0,35955.25789512192,,,,,,,,,,,,
Inter-DAO Cooperation-isolated-daos-run-039,isolated-daos,985,427,0,0,0,0,0,0,0,0,0,0,35940.064560875224,,,,,,,,,,,,
Inter-DAO Cooperation-isolated-daos-run-040,isolated-daos,986,471,0,0,0,0,0,0,0,0,0,0,35923.62981151074,,,,,,,,,,,,
Inter-DAO Cooperation-isolated-daos-run-041,isolated-daos,987,400,0,0,0,0,0,0,0,0,0,0,35998.515665590414,,,,,,,,,,,,
Inter-DAO Cooperation-isolated-daos-run-042,isolated-daos,988,446,0,0,0,0,0,0,0,0,0,0,35962.83923242187,,,,,,,,,,,,
Inter-DAO Cooperation-isolated-daos-run-043,isolated-daos,989,428,0,0,0,0,0,0,0,0,0,0,35950.21633216596,,,,,,,,,,,,
Inter-DAO Cooperation-isolated-daos-run-044,isolated-daos,990,457,0,0,0,0,0,0,0,0,0,0,35916.19298577793,,,,,,,,,,,,
Inter-DAO Cooperation-isolated-daos-run-045,isolated-daos,991,480,0,0,0,0,0,0,0,0,0,0,35870.43156435355,,,,,,,,,,,,
Inter-DAO Cooperation-isolated-daos-run-046,isolated-daos,992,473,0,0,0,0,0,0,0,0,0,0,35940.59038534539,,,,,,,,,,,,
Inter-DAO Cooperation-isolated-daos-run-047,isolated-daos,993,475,0,0,0,0,0,0,0,0,0,0,35990.20232521162,,,,,,,,,,,,
Inter-DAO Cooperation-isolated-daos-run-048,isolated-daos,994,418,0,0,0,0,0,0,0,0,0,0,35955.48567176661,,,,,,,,,,,,
Inter-DAO Cooperation-isolated-daos-run-049,isolated-daos,995,434,0,0,0,0,0,0,0,0,0,0,35950.81183625746,,,,,,,,,,,,
Inter-DAO Cooperation-isolated-daos-run-050,isolated-daos,996,379,0,0,0,0,0,0,0,0,0,0,35955.93990005261,,,,,,,,,,,,
Inter-DAO Cooperation-isolated-daos-run-051,isolated-daos,997,459,0,0,0,0,0,0,0,0,0,0,35940.258976053155,,,,,,,,,,,,
Inter-DAO Cooperation-isolated-daos-run-052,isolated-daos,998,408,0,0,0,0,0,0,0,0,0,0,35975.13044967881,,,,,,,,,,,,
Inter-DAO Cooperation-isolated-daos-run-053,isolated-daos,999,438,0,0,0,0,0,0,0,0,0,0,35960.49722698554,,,,,,,,,,,,
Inter-DAO Cooperation-isolated-daos-run-054,isolated-daos,1000,364,0,0,0,0,0,0,0,0,0,0,35997.4210394734,,,,,,,,,,,,
Inter-DAO Cooperation-isolated-daos-run-055,isolated-daos,1001,381,0,0,0,0,0,0,0,0,0,0,35960.790361431966,,,,,,,,,,,,
Inter-DAO Cooperation-isolated-daos-run-056,isolated-daos,1002,368,0,0,0,0,0,0,0,0,0,0,35999.25329490147,,,,,,,,,,,,
Inter-DAO Cooperation-isolated-daos-run-057,isolated-daos,1003,459,0,0,0,0,0,0,0,0,0,0,35870.84875912273,,,,,,,,,,,,
Inter-DAO Cooperation-isolated-daos-run-058,isolated-daos,1004,390,0,0,0,0,0,0,0,0,0,0,35961.766316022564,,,,,,,,,,,,
Inter-DAO Cooperation-isolated-daos-run-059,isolated-daos,1005,411,0,0,0,0,0,0,0,0,0,0,34139.33145103025,,,,,,,,,,,,
Inter-DAO Cooperation-isolated-daos-run-060,isolated-daos,1006,345,0,0,0,0,0,0,0,0,0,0,35983.006353157296,,,,,,,,,,,,