run_id,sweep_value,seed,duration_ms,Proposal Pass Rate,Average Turnout,Final Gini,Final Reputation Gini,Whale Influence,Governance Capture Risk,Avg Margin of Victory,Voter Participation Rate,Delegate Concentration,Quorum Reach Rate,Voter Concentration Gini,Token Concentration Gini,Single Entity Control,Collusion Threshold,Final Treasury,Treasury Volatility
Voting Mechanism Comparison-governance_rule=majority_quorumPercentage=0_04-run-001,governance_rule=majority_quorumPercentage=0.04,909,13561,0.9803921568627451,0.20725734761013895,0.511031893258445,0.9852755293870914,0.27852003119920327,0.27356996023165686,0.5295397903640892,0.24300913020829734,0.2725424804692066,1,0.4052628741512523,0.5113636664021142,0.01773093170073779,0.3135802469135803,10771.355716211569,0.24206171651335753
Voting Mechanism Comparison-governance_rule=majority_quorumPercentage=0_08-run-001,governance_rule=majority_quorumPercentage=0.08,939,9700,0.9767441860465116,0.23671389689501401,0.37242503114428294,0.9770471930429558,0.25230682693665685,0.2562678013595548,0.5603621074530605,0.22074947275417842,0.24594471184221692,1,0.39796225344118064,0.37287595956489744,0.015990985705759544,0.362962962962963,12052.929002069428,0.23329053410499298
Voting Mechanism Comparison-governance_rule=quadratic_quorumPercentage=0_04-run-001,governance_rule=quadratic_quorumPercentage=0.04,969,11371,1,0.22680393910553562,0.4587108632968724,0.9838450545852382,0.2590442124592445,0.2616963769145232,0.6498004355973811,0.24117819686551364,0.262420114168491,1,0.41477020531522185,0.4591931672725936,0.02101098990969653,0.3358024691358025,12066.64562164335,0.21742307257188814
Voting Mechanism Comparison-governance_rule=quadratic_quorumPercentage=0_08-run-001,governance_rule=quadratic_quorumPercentage=0.08,999,8666,1,0.21553153577350434,0.4619194126793309,0.9938759850634056,0.27959325207747665,0.2619615646303966,0.6156804409967951,0.23120978786922128,0.2660072307243617,0.9787234042553191,0.41364194213916583,0.4621620464165753,0.019201459224571178,0.3333333333333333,12054.209885001112,0.2198411335021231
Voting Mechanism Comparison-governance_rule=conviction_quorumPercentage=0_04-run-001,governance_rule=conviction_quorumPercentage=0.04,1029,7676,1,0.22806381769051903,0.38963043075946757,0.9836248315920053,0.2463078797103804,0.25165065217747656,0.689170580732877,0.19472423900292343,0.2433081534491564,0.625,0.4232847842294664,0.3898856708626665,0.021548993555509998,0.35555555555555557,12051.433789080766,0.256408264564797
Voting Mechanism Comparison-governance_rule=conviction_quorumPercentage=0_08-run-001,governance_rule=conviction_quorumPercentage=0.08,1059,9599,1,0.23043874401835784,0.39121900198313386,0.9755809442967456,0.2275575876935181,0.23061065781039652,0.6879857544565795,0.20359440887287894,0.23251135745818308,0.6511627906976745,0.4272424160502019,0.391248381139489,0.018743003790254276,0.35555555555555557,10542.906180633092,0.2142954388778131
Voting Mechanism Comparison-governance_rule=majority_quorumPercentage=0_04-run-002,governance_rule=majority_quorumPercentage=0.04,910,11466,1,0.2303151797353809,0.40407534946273405,0.9870335968827573,0.27485298280856596,0.2700563075784263,0.5699557317745718,0.20847180235186336,0.27438372846175196,1,0.41617696230721035,0.40450296851799755,0.01996418827985164,0.345679012345679,10542.680701124227,0.22398409375672726
Voting Mechanism Comparison-governance_rule=majority_quorumPercentage=0_08-run-002,governance_rule=majority_quorumPercentage=0.08,940,10610,0.9574468085106383,0.2282199739512549,0.45832560267889555,0.9926705517051129,0.27413234571037237,0.279491608392835,0.5133688344059235,0.23759934299724048,0.2789743761931941,1,0.4040869803277406,0.4582615586677564,0.016517133463592192,0.3333333333333333,12052.03144202934,0.2486956540816321
Voting Mechanism Comparison-governance_rule=quadratic_quorumPercentage=0_04-run-002,governance_rule=quadratic_quorumPercentage=0.04,970,11827,1,0.22853602903646683,0.45492500350295506,0.9798519843470437,0.2838194266766729,0.2820699522769446,0.6087797290642321,0.22811613382995352,0.27230534513528154,1,0.408877219770466,0.45545220239727896,0.018811414962717266,0.3358024691358025,11643.010059952707,0.22879648085378
Voting Mechanism Comparison-governance_rule=quadratic_quorumPercentage=0_08-run-002,governance_rule=quadratic_quorumPercentage=0.08,1000,9677,1,0.2170899994509487,0.47848873488296984,0.9860698819175002,0.2836278529086119,0.273664124227043,0.6699987504296695,0.2405525675020129,0.2817888282669927,1,0.40719313403605784,0.4784894914097306,0.01769332183727587,0.3234567901234568,11612.956923333415,0.2516642483276536
Voting Mechanism Comparison-governance_rule=conviction_quorumPercentage=0_04-run-002,governance_rule=conviction_quorumPercentage=0.04,1030,9108,1,0.22914813710915435,0.42431231566814454,0.9772437341790685,0.2548041215982184,0.2513317564210305,0.6415584676161142,0.22572740649758824,0.25154496240951957,0.7567567567567568,0.41124679267588227,0.42438943723624667,0.020305083347226745,0.3506172839506173,12048.716363117273,0.2590282064734472
Voting Mechanism Comparison-governance_rule=conviction_quorumPercentage=0_08-run-002,governance_rule=conviction_quorumPercentage=0.08,1060,11615,1,0.22111750597885707,0.48498574466453825,0.9873368585546014,0.2848430309979315,0.28388693327110615,0.6459653947126675,0.23710047736700693,0.2831024863105277,0.75,0.40490110181866457,0.48465954443939113,0.017758486355928492,0.3234567901234568,12055.253174875807,0.2026352036611805
Voting Mechanism Comparison-governance_rule=majority_quorumPercentage=0_04-run-003,governance_rule=majority_quorumPercentage=0.04,911,10820,1,0.23063646033505691,0.4289188185377779,0.9776743096309477,0.267032169454552,0.25132635235999695,0.5342482734583107,0.2166347013990776,0.24781004112485064,1,0.408887849526278,0.42899467960062665,0.018245208179877074,0.34074074074074073,12049.81968739872,0.19803379758347173
Voting Mechanism Comparison-governance_rule=majority_quorumPercentage=0_08-run-003,governance_rule=majority_quorumPercentage=0.08,941,10087,1,0.23586901085403886,0.42878374440687583,0.9836669663109325,0.24894854148681203,0.22536097837884173,0.5239966775152692,0.20857032424602823,0.22679285360788534,1,0.4176983147462483,0.4289430520474281,0.023576237388963635,0.33827160493827163,11666.241687497153,0.21593263505818114
Voting Mechanism Comparison-governance_rule=quadratic_quorumPercentage=0_04-run-003,governance_rule=quadratic_quorumPercentage=0.04,971,11458,0.9818181818181818,0.2292611401536233,0.44197739939873304,0.9839625351958605,0.27579777270842504,0.2725668509246834,0.5668328346539498,0.23094706069922083,0.2805510615202707,1,0.38847542922227163,0.4417897965108156,0.01808455707512724,0.33827160493827163,12048.551505462156,0.24527546744004428
Voting Mechanism Comparison-governance_rule=quadratic_quorumPercentage=0_08-run-003,governance_rule=quadratic_quorumPercentage=0.08,1001,9652,0.9787234042553191,0.23073529645389204,0.4757215969501447,0.9889397482684967,0.2683369481325247,0.2562673913236357,0.5455432176738398,0.22618033689161374,0.27064094019516743,1,0.44256699095408775,0.47563320073121945,0.020316305175741775,0.3234567901234568,10897.989132397583,0.21933884433564724
Voting Mechanism Comparison-governance_rule=conviction_quorumPercentage=0_04-run-003,governance_rule=conviction_quorumPercentage=0.04,1031,10140,0.96,0.22913009488769442,0.45807196418501994,0.9838557002936852,0.26218366749640876,0.27352834964448924,0.5533767089049435,0.2471626417095214,0.2710232346308631,0.7,0.42100953273949054,0.4580834933601694,0.017079733785052148,0.3358024691358025,12047.598473325845,0.21127951888349072
Voting Mechanism Comparison-governance_rule=conviction_quorumPercentage=0_08-run-003,governance_rule=conviction_quorumPercentage=0.08,1061,7910,1,0.22902080490506307,0.42617524293271347,0.9802140476778587,0.2644529414182701,0.26863015577142674,0.6195852569240865,0.22114473750947605,0.2638664540774296,0.7073170731707317,0.40541399176954734,0.426366403705343,0.02065987851414898,0.345679012345679,11476.91387090653,0.26794859450386926
Voting Mechanism Comparison-governance_rule=majority_quorumPercentage=0_04-run-004,governance_rule=majority_quorumPercentage=0.04,912,10948,0.9583333333333334,0.24780939228687301,0.3928659335552467,0.9871066759011748,0.27455005636162993,0.2730505745231229,0.4975188330843672,0.22136577574330174,0.2592466349623711,1,0.42546789559727155,0.3928621100219201,0.016711435633845823,0.3506172839506173,12048.941079285978,0.25651342847917197
Voting Mechanism Comparison-governance_rule=majority_quorumPercentage=0_08-run-004,governance_rule=majority_quorumPercentage=0.08,942,10722,0.971830985915493,0.23002897526280813,0.4693823392225067,0.9849820824132212,0.28888077900975107,0.27919047888044823,0.430749595697804,0.24361012747742594,0.27288993878123724,1,0.3897059352841666,0.46968283414939577,0.017812182101654715,0.32839506172839505,12044.869457897945,0.23403659802718138
Voting Mechanism Comparison-governance_rule=quadratic_quorumPercentage=0_04-run-004,governance_rule=quadratic_quorumPercentage=0.04,972,11671,1,0.2207569032145998,0.4522434745780255,0.9788898342887875,0.2683254669050651,0.26134144871623755,0.6609972964807187,0.22991490769760795,0.2615937236766616,1,0.3997307086912822,0.4526740089685442,0.01934267292265587,0.33827160493827163,12055.523466429939,0.22980188971829318
Voting Mechanism Comparison-governance_rule=quadratic_quorumPercentage=0_08-run-004,governance_rule=quadratic_quorumPercentage=0.08,1002,11472,1,0.22216758453001859,0.4391966859962968,0.9745288691689566,0.2835972376762613,0.28539017587194754,0.7260039887497748,0.22594154278208514,0.2818353353104272,1,0.4047669624604561,0.4409444904739682,0.020155296268073823,0.33827160493827163,10553.408290550533,0.23065971479165398
Voting Mechanism Comparison-governance_rule=conviction_quorumPercentage=0_04-run-004,governance_rule=conviction_quorumPercentage=0.04,1032,10228,1,0.227351714385801,0.49660638594465434,0.9815688974909944,0.27412244240946165,0.26911184985681313,0.5511736514339359,0.23867304332715095,0.26961803892483194,0.6607142857142857,0.4237698903418376,0.4965615159610477,0.018793229432322166,0.31851851851851853,11784.509947482728,0.22252060961918993
Voting Mechanism Comparison-governance_rule=conviction_quorumPercentage=0_08-run-004,governance_rule=conviction_quorumPercentage=0.08,1062,9161,1,0.23702863509375946,0.40731227415040183,0.9802593806386954,0.2771989611131523,0.2749130038352576,0.5888750528602352,0.22692149966815386,0.27017169656178064,0.7674418604651163,0.397629206003389,0.4070884186726519,0.019759848173100888,0.35555555555555557,11386.862868363647,0.26027852180074323
Voting Mechanism Comparison-governance_rule=majority_quorumPercentage=0_04-run-005,governance_rule=majority_quorumPercentage=0.04,913,10534,0.9545454545454546,0.2173960493986409,0.46634570591936875,0.9819957823023091,0.2599275221868463,0.26765518830690577,0.49567826506082907,0.23805254408646126,0.25887839692110354,1,0.4025596974176622,0.4662970823988904,0.019404950573684583,0.34074074074074073,12051.821739100216,0.22519973549527098
Voting Mechanism Comparison-governance_rule=majority_quorumPercentage=0_08-run-005,governance_rule=majority_quorumPercentage=0.08,943,10640,0.9444444444444444,0.21839848637505727,0.4499418166587037,0.984150143424869,0.26190751799667356,0.2682316872882486,0.5454800361710638,0.22904920472721013,0.2620281586320795,0.9827586206896551,0.3965970560092997,0.44980660708951364,0.019164163019289186,0.33827160493827163,11991.573097677412,0.23416123143759557
Voting Mechanism Comparison-governance_rule=quadratic_quorumPercentage=0_04-run-005,governance_rule=quadratic_quorumPercentage=0.04,973,9373,1,0.20958843411262953,0.4966789516774137,0.9841197086615714,0.27595367681329663,0.2731429130718389,0.7667336871955858,0.23525095265387455,0.2719308741639804,1,0.4119918670421791,0.4966821807090522,0.01851215521276266,0.3234567901234568,10569.165229824739,0.193926735805952
Voting Mechanism Comparison-governance_rule=quadratic_quorumPercentage=0_08-run-005,governance_rule=quadratic_quorumPercentage=0.08,1003,9245,1,0.22201088374446767,0.4410095029594274,0.9822709024880054,0.25998335934279343,0.24964211533916272,0.6385996850166404,0.21773321666697754,0.2505491990065144,1,0.3843790768892734,0.44103955757943974,0.01978915309210716,0.3358024691358025,12050.40111071503,0.25362474574939475
Voting Mechanism Comparison-governance_rule=conviction_quorumPercentage=0_04-run-005,governance_rule=conviction_quorumPercentage=0.04,1033,10609,1,0.2257701428069706,0.42484020911965215,0.9743561691494851,0.2654379754288997,0.2644697074836257,0.6435665626461418,0.23083864303127538,0.27206259126202353,0.7,0.39077737721894934,0.425012570258095,0.020222573667422618,0.34814814814814815,10857.643272149913,0.22625733945802576
Voting Mechanism Comparison-governance_rule=conviction_quorumPercentage=0_08-run-005,governance_rule=conviction_quorumPercentage=0.08,1063,9203,1,0.2258319040988153,0.4659458466968356,0.9823906988690536,0.2690474339411589,0.25587599413868434,0.5707554405403767,0.246336936426981,0.25216282789514716,0.7959183673469388,0.3915808038615056,0.46603108124878156,0.017674649929968193,0.3333333333333333,10717.30430043705,0.20493533284774992
Voting Mechanism Comparison-governance_rule=majority_quorumPercentage=0_04-run-006,governance_rule=majority_quorumPercentage=0.04,914,10439,0.95,0.23237225917600574,0.36708066268731154,0.9872160283155689,0.24484929639729336,0.24747338172163788,0.558261233709967,0.2133583817981903,0.23525595836336113,1,0.3996965037392192,0.3671420123280562,0.019939591221229572,0.362962962962963,11491.084999668941,0.2762393765252337
Voting Mechanism Comparison-governance_rule=majority_quorumPercentage=0_08-run-006,governance_rule=majority_quorumPercentage=0.08,944,10172,1,0.2276071296689714,0.4500609317295776,0.9776892934673787,0.2823601846050011,0.27104806085121175,0.6569657455595524,0.23382388202252363,0.27312949600379793,1,0.4023269424902684,0.4500719227322684,0.016202132148751967,0.33827160493827163,12042.878413596009,0.2226324930626877
Voting Mechanism Comparison-governance_rule=quadratic_quorumPercentage=0_04-run-006,governance_rule=quadratic_quorumPercentage=0.04,974,11060,1,0.2297305242080758,0.40476747850383155,0.9798271813121178,0.2726047252397949,0.25952596454424753,0.6950001681465485,0.21469252311513143,0.2568228937784034,1,0.4116305646459924,0.4049856157803133,0.019737414798893134,0.3530864197530864,12041.879078271935,0.22361360581320966
Voting Mechanism Comparison-governance_rule=quadratic_quorumPercentage=0_08-run-006,governance_rule=quadratic_quorumPercentage=0.08,1004,10084,1,0.23864191264430668,0.4451621005529518,0.9841633656086721,0.29578974191650415,0.28481922175902513,0.5270673022826752,0.2270588155390245,0.2825515563084975,1,0.3813888811978354,0.44271657806339293,0.020297745610403994,0.3333333333333333,12121.421788706628,0.24842353579909612
Voting Mechanism Comparison-governance_rule=conviction_quorumPercentage=0_04-run-006,governance_rule=conviction_quorumPercentage=0.04,1034,9317,0.9777777777777777,0.21027130357341117,0.4920614863938124,0.9846945492009929,0.275588018390627,0.2691164212349191,0.5476517200847728,0.2260088177538512,0.273183641844861,0.6666666666666666,0.3853330137041032,0.4921813274181244,0.019104863534097082,0.3234567901234568,12052.313706197849,0.2307109295671632
Voting Mechanism Comparison-governance_rule=conviction_quorumPercentage=0_08-run-006,governance_rule=conviction_quorumPercentage=0.08,1064,9543,1,0.21820849513697196,0.4710505464889194,0.9859462963824186,0.2557287293217212,0.25931555695311254,0.5716948202684716,0.24163160757349134,0.2601716759027069,0.6875,0.39684534577422326,0.4714458642146018,0.01835681500412552,0.3308641975308642,12053.308580525681,0.1950308517410662
Voting Mechanism Comparison-governance_rule=majority_quorumPercentage=0_04-run-007,governance_rule=majority_quorumPercentage=0.04,915,11986,0.9393939393939394,0.23289127609637278,0.46560320908513875,0.9851671081294251,0.2851383741032571,0.3007458444774026,0.45336492004663226,0.24832910985625414,0.29204451217956423,1,0.40179636809880026,0.4658998391817145,0.019468393493132913,0.3333333333333333,12049.495140020917,0.24833598532845447
Voting Mechanism Comparison-governance_rule=majority_quorumPercentage=0_08-run-007,governance_rule=majority_quorumPercentage=0.08,945,10462,0.9803921568627451,0.23773393627743208,0.4230607006301983,0.9826087939552597,0.2667074152457176,0.27316751988640764,0.5402799711539612,0.23578377220819796,0.2619485934696189,1,0.3936579430541089,0.4232152083654771,0.01742529653507281,0.34814814814814815,10637.145059714418,0.23724728492943914
Voting Mechanism Comparison-governance_rule=quadratic_quorumPercentage=0_04-run-007,governance_rule=quadratic_quorumPercentage=0.04,975,11071,1,0.22676703823175193,0.49967521749866095,0.9744511434424277,0.2765416243131579,0.2722152645369194,0.6091534667701677,0.24483390469315294,0.2738668020601942,1,0.45083798288963284,0.49968639428269285,0.01831152893538171,0.32098765432098764,10881.573574438897,0.19370243223577807
Voting Mechanism Comparison-governance_rule=quadratic_quorumPercentage=0_08-run-007,governance_rule=quadratic_quorumPercentage=0.08,1005,10701,1,0.2264778103157846,0.45303490644279676,0.9794152589065863,0.23798378158512815,0.24739580964079835,0.6738312851955992,0.2326261605040232,0.24199901372165572,0.9649122807017544,0.3898621310386016,0.4530424788465223,0.017653606677442316,0.3333333333333333,10390.152345277047,0.24395720977173624
Voting Mechanism Comparison-governance_rule=conviction_quorumPercentage=0_04-run-007,governance_rule=conviction_quorumPercentage=0.04,1035,9556,1,0.21781351534962362,0.4592967223391191,0.9822745527512755,0.2707645531479374,0.2701822860311604,0.6521082981402746,0.2175934136599095,0.27603548966955066,0.6470588235294118,0.43102609124233743,0.45945236826999714,0.017381922086047413,0.32839506172839505,11725.916949273218,0.22795309343401277
Voting Mechanism Comparison-governance_rule=conviction_quorumPercentage=0_08-run-007,governance_rule=conviction_quorumPercentage=0.08,1065,9120,1,0.23304350869139417,0.4296495203114856,0.9849714811686798,0.25704331674180503,0.2658502889744222,0.6253720056114683,0.21942190109057388,0.25141092479020877,0.65,0.4265144596651446,0.42971014570803584,0.02137572450508484,0.3432098765432099,11688.547289923894,0.23677369768807258
Voting Mechanism Comparison-governance_rule=majority_quorumPercentage=0_04-run-008,governance_rule=majority_quorumPercentage=0.04,916,11629,0.9583333333333334,0.2279827651820607,0.4146606179534167,0.9851160218219368,0.2686393484141866,0.27510285743430024,0.5199310891621814,0.2238776122840785,0.2676625103631424,1,0.41267512929007993,0.41466153647433723,0.017617291374037225,0.3506172839506173,10770.587821865558,0.22494908758040394
Voting Mechanism Comparison-governance_rule=majority_quorumPercentage=0_08-run-008,governance_rule=majority_quorumPercentage=0.08,946,11354,0.9743589743589743,0.20794777037810275,0.48182444907833566,0.9869722139839854,0.2848577892093841,0.28952004335303727,0.5309251236218443,0.2405697815410114,0.2809491757385079,1,0.3862410294481564,0.4819295701300189,0.01858057193093484,0.3308641975308642,10714.229375933544,0.23862205540833628
Voting Mechanism Comparison-governance_rule=quadratic_quorumPercentage=0_04-run-008,governance_rule=quadratic_quorumPercentage=0.04,976,9604,1,0.22345943278431815,0.4052761396421012,0.9851497542997769,0.25346853366383937,0.24543460550796425,0.601325199214835,0.2049843132539572,0.25312369403755736,0.9787234042553191,0.4098175611662225,0.4054207906456002,0.02219830105823092,0.345679012345679,11422.877961353472,0.21723806318319439
Voting Mechanism Comparison-governance_rule=quadratic_quorumPercentage=0_08-run-008,governance_rule=quadratic_quorumPercentage=0.08,1006,9693,1,0.23174607404746675,0.42514265292543874,0.9786665727718664,0.2674477210920081,0.26309061602534095,0.5830961624586504,0.23764328430916384,0.2600743821837723,1,0.3893089802130898,0.4236227779603849,0.017642509057199135,0.3506172839506173,12067.039241435934,0.2246104893655776
Voting Mechanism Comparison-governance_rule=conviction_quorumPercentage=0_04-run-008,governance_rule=conviction_quorumPercentage=0.04,1036,9163,1,0.21718383588430895,0.476656316234781,0.9841580827323,0.26637615536895104,0.266650152720783,0.584264123496933,0.23621331149967695,0.26455069003613124,0.62,0.4129030617919507,0.47666475029822686,0.018428911760716014,0.32839506172839505,12048.59583516736,0.2122024009065245
Voting Mechanism Comparison-governance_rule=conviction_quorumPercentage=0_08-run-008,governance_rule=conviction_quorumPercentage=0.08,1066,9470,1,0.2189754158233864,0.49503838597454,0.9870626370995335,0.28892364486466865,0.2678835483432656,0.6650756010746905,0.23908478200774394,0.27229754209407225,0.7906976744186046,0.39061742508441566,0.49548067392892997,0.018794195242542548,0.32098765432098764,10574.690231194463,0.20953615229159925
Voting Mechanism Comparison-governance_rule=majority_quorumPercentage=0_04-run-009,governance_rule=majority_quorumPercentage=0.04,917,11617,0.975609756097561,0.22449600791752836,0.45486087978092016,0.9903939117352882,0.25408910039650995,0.2623887087194008,0.49193415762298276,0.24013585590693404,0.26235433399367497,1,0.39962303270191313,0.4551534272147225,0.018206985007854164,0.33827160493827163,11185.065522897012,0.2125821597455145
Voting Mechanism Comparison-governance_rule=majority_quorumPercentage=0_08-run-009,governance_rule=majority_quorumPercentage=0.08,947,12969,0.9512195121951219,0.2306257191887958,0.4247644717671677,0.9820291425529686,0.2593565474405163,0.2759573299936293,0.5678740153791417,0.2365859194752857,0.2766337385574055,0.9761904761904762,0.4124919925554456,0.4255186077159499,0.01624556790252175,0.345679012345679,12137.371504876332,0.2359318897414214
Voting Mechanism Comparison-governance_rule=quadratic_quorumPercentage=0_04-run-009,governance_rule=quadratic_quorumPercentage=0.04,977,12233,1,0.23289389868781118,0.4515143923726661,0.9804730037036367,0.27798581842961684,0.2634560679773107,0.6725120295509814,0.22710193805467463,0.27222872861234687,1,0.41293376363915785,0.45151514406566196,0.02118959330307533,0.3333333333333333,11568.378739384541,0.25114605237289916
Voting Mechanism Comparison-governance_rule=quadratic_quorumPercentage=0_08-run-009,governance_rule=quadratic_quorumPercentage=0.08,1007,7958,1,0.21172220890272114,0.47665659450907527,0.9843555978063021,0.2752770550358452,0.2579725161245721,0.6017127985207195,0.22652708947276728,0.2591860746632548,1,0.41907865529390653,0.47688883455932685,0.01871787760221639,0.3308641975308642,12053.908393280602,0.240886834856258
Voting Mechanism Comparison-governance_rule=conviction_quorumPercentage=0_04-run-009,governance_rule=conviction_quorumPercentage=0.04,1037,8991,1,0.22912971580840358,0.408685267632408,0.979039808515648,0.2739172958397731,0.2742917908701507,0.7104110699892777,0.2115201597139449,0.27088367432886407,0.75,0.41405298026807563,0.4089104964316157,0.01692748517833926,0.34814814814814815,11068.541056059905,0.24654126600319737
Voting Mechanism Comparison-governance_rule=conviction_quorumPercentage=0_08-run-009,governance_rule=conviction_quorumPercentage=0.08,1067,10632,0.98,0.21781262813958405,0.48536218637158357,0.983642700034884,0.3033945891610164,0.2979648205750913,0.5785043322957116,0.24406944210244244,0.29822437986520817,0.7115384615384616,0.39869083759794144,0.4855002436373135,0.01670469233987493,0.32098765432098764,11388.36343634288,0.20401514565769954
Voting Mechanism Comparison-governance_rule=majority_quorumPercentage=0_04-run-010,governance_rule=majority_quorumPercentage=0.04,918,12843,1,0.23467744345954825,0.4249532038472239,0.9810130084915254,0.27216052606232155,0.2695091143854058,0.5988327903036375,0.22485072757008073,0.27957489260363916,1,0.4006468297084183,0.4249985707136609,0.015139496111620559,0.3432098765432099,10954.789535072514,0.2331636310711241
Voting Mechanism Comparison-governance_rule=majority_quorumPercentage=0_08-run-010,governance_rule=majority_quorumPercentage=0.08,948,10985,0.9814814814814815,0.22584524254640695,0.4346502642229475,0.9777082257088854,0.27590926190641407,0.26123299083473234,0.5723717681579702,0.21972369492663804,0.26709674051717763,1,0.40299684028795724,0.43465964920892347,0.02095390634562181,0.33827160493827163,12051.11472293859,0.23957910068188595
Voting Mechanism Comparison-governance_rule=quadratic_quorumPercentage=0_04-run-010,governance_rule=quadratic_quorumPercentage=0.04,978,9273,1,0.23373943903499694,0.4104393592022415,0.9817742308387256,0.26114978478380996,0.25516125816274654,0.5842496704377114,0.22444756968116947,0.2594306638263841,1,0.41963812831787556,0.41083386245946485,0.021386701094062793,0.3506172839506173,11156.331765194125,0.2313780758623456
Voting Mechanism Comparison-governance_rule=quadratic_quorumPercentage=0_08-run-010,governance_rule=quadratic_quorumPercentage=0.08,1008,8486,1,0.2270195637365297,0.4194851156533317,0.9845527670666496,0.2793281424699308,0.271652930800446,0.664444091260501,0.21743198097056513,0.25810243419340995,1,0.4205448981745278,0.41967711027832993,0.015264074732635115,0.34814814814814815,10735.01698601627,0.23053196741072154
Voting Mechanism Comparison-governance_rule=conviction_quorumPercentage=0_04-run-010,governance_rule=conviction_quorumPercentage=0.04,1038,7532,1,0.23407017172177808,0.41113221367290786,0.98143847483282,0.25680763211938445,0.2403882068035574,0.5637405947050433,0.2169555917332636,0.24436494875366194,0.631578947368421,0.41646504125566103,0.41134171361934435,0.024450121679712614,0.34814814814814815,10604.528556348861,0.24358580843474756
Voting Mechanism Comparison-governance_rule=conviction_quorumPercentage=0_08-run-010,governance_rule=conviction_quorumPercentage=0.08,1068,9497,1,0.21680128396947868,0.4662923850352778,0.9804716756101453,0.2817315123369784,0.2727932914836933,0.6292425696290647,0.23922816001613897,0.279341470215781,0.6730769230769231,0.41504466718798133,0.46613117836575163,0.017454543738988564,0.3333333333333333,12059.176502377919,0.19739888246049106
Voting Mechanism Comparison-governance_rule=majority_quorumPercentage=0_04-run-011,governance_rule=majority_quorumPercentage=0.04,919,12610,1,0.23868583196895912,0.43167822166081593,0.9881206650413463,0.26829907531907304,0.2772069906843952,0.5801382944277139,0.23141594607895236,0.2687744594946444,1,0.40196333405056145,0.4316838898928081,0.020785166487571224,0.3432098765432099,11788.27884013896,0.2307968571669522
Voting Mechanism Comparison-governance_rule=majority_quorumPercentage=0_08-run-011,governance_rule=majority_quorumPercentage=0.08,949,9041,0.9444444444444444,0.22927450571629215,0.45876625588573394,0.9805204144443873,0.26775085614533384,0.2782710662731495,0.5836340082792425,0.2443973580186356,0.275078711620287,1,0.4317836414766948,0.4592452521007142,0.01854981712790305,0.33827160493827163,10544.029892387947,0.2692019180186492
Voting Mechanism Comparison-governance_rule=quadratic_quorumPercentage=0_04-run-011,governance_rule=quadratic_quorumPercentage=0.04,979,8989,1,0.2297662069118067,0.4586424455707825,0.9745916782031507,0.27123341951181834,0.2553106035716242,0.6528002819271999,0.24629583251860496,0.2670576796475855,1,0.39928487565375176,0.4586686313085703,0.016647646097503545,0.3358024691358025,11790.924661167615,0.23234659892557444
Voting Mechanism Comparison-governance_rule=quadratic_quorumPercentage=0_08-run-011,governance_rule=quadratic_quorumPercentage=0.08,1009,9739,1,0.2329706276246986,0.42969944711998487,0.9821071196573867,0.27813211082420036,0.251281757312872,0.5749101059627254,0.22701297863557066,0.25728344185777746,1,0.38170216405782226,0.4299405443630327,0.02356215855223488,0.3432098765432099,11253.061918258683,0.247419316832643
Voting Mechanism Comparison-governance_rule=conviction_quorumPercentage=0_04-run-011,governance_rule=conviction_quorumPercentage=0.04,1039,9465,1,0.21879120752142564,0.44022202704660374,0.9786516495367783,0.252887744787748,0.250538982398161,0.6199295037131559,0.23057593071978932,0.24852708888265407,0.7083333333333334,0.3916360219406484,0.4404744199835017,0.015731524425685137,0.3432098765432099,12059.614656795133,0.23820454914651507
Voting Mechanism Comparison-governance_rule=conviction_quorumPercentage=0_08-run-011,governance_rule=conviction_quorumPercentage=0.08,1069,9327,1,0.23999183253636958,0.4388846786889775,0.9832663925079663,0.25881537708271113,0.23985669224615094,0.5978776155366643,0.2217327629395419,0.23553416666085306,0.7222222222222222,0.40343025911534103,0.4390225577323664,0.02058846228162391,0.33827160493827163,10926.16333080447,0.2525781743744716
Voting Mechanism Comparison-governance_rule=majority_quorumPercentage=0_04-run-012,governance_rule=majority_quorumPercentage=0.04,920,12198,0.96,0.22381290786840238,0.4539386618822534,0.9824432412491553,0.2573526120322636,0.27108238802301887,0.5118972762854623,0.2328119471525728,0.2648898248232997,1,0.3913729136470953,0.4538658385510686,0.016165198475953234,0.3333333333333333,12052.699412720567,0.22633324127970947
Voting Mechanism Comparison-governance_rule=majority_quorumPercentage=0_08-run-012,governance_rule=majority_quorumPercentage=0.08,950,10617,0.9803921568627451,0.22153206199350683,0.4574180494421294,0.9847588613292169,0.28041747861254335,0.26626669020480326,0.5565562460092964,0.2374932600969523,0.2621804737801885,1,0.41354758638709255,0.45742110612152515,0.016910153703634218,0.33827160493827163,12048.199062579974,0.23547462134870073
Voting Mechanism Comparison-governance_rule=quadratic_quorumPercentage=0_04-run-012,governance_rule=quadratic_quorumPercentage=0.04,980,10641,1,0.22119544328279092,0.484602702056784,0.9775443710433611,0.2757073713168619,0.26242641466482464,0.676102558217084,0.24248027329918687,0.27017512342033406,1,0.4059842137219186,0.4847215658299491,0.018182959472686968,0.32592592592592595,10880.58517304115,0.19894831067314536
Voting Mechanism Comparison-governance_rule=quadratic_quorumPercentage=0_08-run-012,governance_rule=quadratic_quorumPercentage=0.08,1010,10116,0.9827586206896551,0.21170638777045067,0.46039913258541953,0.9802536561649928,0.2552365345145257,0.26859905841975307,0.5702528584373963,0.24580671200209012,0.26113824907505623,1,0.3950758868637222,0.46030221543168875,0.018629317886839712,0.3432098765432099,12052.315041310845,0.2207921702716917
Voting Mechanism Comparison-governance_rule=conviction_quorumPercentage=0_04-run-012,governance_rule=conviction_quorumPercentage=0.04,1040,9920,1,0.24031170361943072,0.41548041257599744,0.9835602753458506,0.2456264200650465,0.24776322109133828,0.5998543914457526,0.21604060004688797,0.24701484088738937,0.631578947368421,0.4222537689204356,0.41552111644418493,0.020770753827338458,0.345679012345679,12049.81004387778,0.26824281981399095
Voting Mechanism Comparison-governance_rule=conviction_quorumPercentage=0_08-run-012,governance_rule=conviction_quorumPercentage=0.08,1070,9264,1,0.23420665965912812,0.42744316618878075,0.9780687678380471,0.25522902491591054,0.249575731399917,0.5495589924302872,0.24109639696546833,0.2460508689365953,0.7142857142857143,0.3956869060023365,0.427588386225121,0.019934069961384027,0.34814814814814815,12047.983644863016,0.24896610883980436
Voting Mechanism Comparison-governance_rule=majority_quorumPercentage=0_04-run-013,governance_rule=majority_quorumPercentage=0.04,921,12593,0.9772727272727273,0.23170557671973951,0.4448921292864052,0.980308354396372,0.2561557327869609,0.2582301175825173,0.5453218540892979,0.23932484544052865,0.2540472986971337,1,0.4021809912308227,0.44515894610576634,0.019159628994388892,0.34074074074074073,10657.018849960723,0.2519609141496745
Voting Mechanism Comparison-governance_rule=majority_quorumPercentage=0_08-run-013,governance_rule=majority_quorumPercentage=0.08,951,13612,0.9692307692307692,0.2220296567926635,0.4856975208738141,0.981720509263565,0.27202725978870584,0.2618909928884174,0.4863125468905884,0.24233500831975413,0.26878433012321773,1,0.39672840712512397,0.48592297398245987,0.01825160238603609,0.32592592592592595,11872.990302784849,0.2524811871504147
Voting Mechanism Comparison-governance_rule=quadratic_quorumPercentage=0_04-run-013,governance_rule=quadratic_quorumPercentage=0.04,981,9610,1,0.22555019257674602,0.4609988585074931,0.9813445215743979,0.27545503697897245,0.2663269536798226,0.6433470565371002,0.2189128469455549,0.2574694576029222,1,0.40235999868156497,0.4611604536326206,0.018619553593266554,0.3308641975308642,11814.521978667857,0.2365710732470519
Voting Mechanism Comparison-governance_rule=quadratic_quorumPercentage=0_08-run-013,governance_rule=quadratic_quorumPercentage=0.08,1011,9515,1,0.22624135986172195,0.4310696073515279,0.9913946337095578,0.2493563321942108,0.25515839965327847,0.5559245028860872,0.23307819645253997,0.26287994510649804,1,0.39059215495274197,0.4304647101111465,0.01676438536862709,0.345679012345679,12082.272689997346,0.22008075492234996
Voting Mechanism Comparison-governance_rule=conviction_quorumPercentage=0_04-run-013,governance_rule=conviction_quorumPercentage=0.04,1041,8237,1,0.2338055808954495,0.41039855220334354,0.9862994361018012,0.25195321594564235,0.26172696573380105,0.6004312871704212,0.2287629344804949,0.2545679028906692,0.6764705882352942,0.42745562130177517,0.4105724801050463,0.01817212135052871,0.3530864197530864,12050.07911866117,0.2447521306109385
Voting Mechanism Comparison-governance_rule=conviction_quorumPercentage=0_08-run-013,governance_rule=conviction_quorumPercentage=0.08,1071,9563,0.9767441860465116,0.2229121515628112,0.46454289304170615,0.984837073061164,0.2700473048391461,0.2620405797265704,0.5536693047387575,0.24523028451031564,0.26755988329559693,0.7111111111111111,0.4163817663817664,0.4644581847071752,0.019585129357912397,0.3358024691358025,12053.471655802863,0.20308213208435522
Voting Mechanism Comparison-governance_rule=majority_quorumPercentage=0_04-run-014,governance_rule=majority_quorumPercentage=0.04,922,13097,1,0.21978419990528153,0.4713904366013466,0.9825212299231316,0.26799093290423587,0.2583833803616669,0.5431418674374918,0.24217780600146252,0.2681390475187177,1,0.3983468660371085,0.47163353908135586,0.017713928093708423,0.3333333333333333,10916.60740529825,0.21504263744212312
Voting Mechanism Comparison-governance_rule=majority_quorumPercentage=0_08-run-014,governance_rule=majority_quorumPercentage=0.08,952,10683,0.9772727272727273,0.2396804934768283,0.396228731443774,0.9816049797659421,0.2620348702109223,0.25867618284261545,0.5543314290861133,0.2220944954965238,0.2513266896925316,1,0.39201226194246935,0.3960355490147546,0.017705365294877377,0.3530864197530864,12048.47602606787,0.2357346299344364
Voting Mechanism Comparison-governance_rule=quadratic_quorumPercentage=0_04-run-014,governance_rule=quadratic_quorumPercentage=0.04,982,8436,1,0.2289150578492279,0.41563916551544655,0.9856835902733927,0.2625878663152977,0.2584420290356689,0.646382175038472,0.20522575179977753,0.2585203475277539,0.975,0.438179012345679,0.41563928598134187,0.020675757492900747,0.34814814814814815,12048.21336687476,0.2273697186036993
Voting Mechanism Comparison-governance_rule=quadratic_quorumPercentage=0_08-run-014,governance_rule=quadratic_quorumPercentage=0.08,1012,9638,1,0.2004507280445114,0.4887338679564348,0.9819237482769818,0.26826633171098396,0.26222672492338756,0.6282541545367597,0.22918524275890248,0.2624331791708643,0.9523809523809523,0.4281230648638056,0.48896424418739937,0.018393976491350703,0.3308641975308642,11098.57341786725,0.2278404758110752
Voting Mechanism Comparison-governance_rule=conviction_quorumPercentage=0_04-run-014,governance_rule=conviction_quorumPercentage=0.04,1042,7101,1,0.24421854708573196,0.4044724554356107,0.9841969440524998,0.2577375132837958,0.2871845184305419,0.577670998271805,0.2197371380992933,0.2824400351311452,0.5454545454545454,0.4863247222013821,0.4049138740653483,0.02226030180110794,0.3530864197530864,11311.496817018218,0.25111149934395965
Voting Mechanism Comparison-governance_rule=conviction_quorumPercentage=0_08-run-014,governance_rule=conviction_quorumPercentage=0.08,1072,13145,0.9838709677419355,0.23348481234508134,0.4301419901983674,0.9859208796671761,0.27945515545007416,0.27950979689768374,0.4898748114886877,0.23783281009373386,0.2837045047506792,0.6935483870967742,0.38873752818706947,0.429990648597669,0.016256637196764765,0.3432098765432099,10625.157408744533,0.24884673722762082
Voting Mechanism Comparison-governance_rule=majority_quorumPercentage=0_04-run-015,governance_rule=majority_quorumPercentage=0.04,923,12221,0.96,0.2317178206302935,0.43796749311957206,0.9808095377878068,0.265320167799156,0.24805839812819522,0.5066765472857907,0.22794449588160676,0.25295843664511053,1,0.38705469874382936,0.437785663918619,0.016942153341011616,0.33827160493827163,11629.377477512153,0.21652056404813694
Voting Mechanism Comparison-governance_rule=majority_quorumPercentage=0_08-run-015,governance_rule=majority_quorumPercentage=0.08,953,11032,0.9772727272727273,0.21702325120233557,0.4876543289863762,0.9720764159475397,0.27320516894783425,0.27441222392277015,0.6406092259827239,0.23640464009306966,0.2691244814642475,1,0.38901589915174034,0.4872218342595793,0.017366842499371777,0.3234567901234568,12057.65536172247,0.20537828471164568
Voting Mechanism Comparison-governance_rule=quadratic_quorumPercentage=0_04-run-015,governance_rule=quadratic_quorumPercentage=0.04,983,10804,1,0.2160999925586252,0.4771606056159954,0.9823434344839508,0.27886629213178166,0.27610110198158805,0.6527504020549404,0.23743245214609082,0.2734206733022636,1,0.40648675316201366,0.4772252294568706,0.019180211782966652,0.3333333333333333,12049.617647423715,0.22858218241248285
Voting Mechanism Comparison-governance_rule=quadratic_quorumPercentage=0_08-run-015,governance_rule=quadratic_quorumPercentage=0.08,1013,8701,1,0.22861035842632266,0.40858341892270533,0.9753695823026329,0.2707071094841547,0.2644792400070241,0.7199669699331589,0.20840449398779937,0.2695046247507673,1,0.432961635470596,0.40861769276727156,0.02173710482329627,0.34814814814814815,11670.160997838595,0.2217360153393999
Voting Mechanism Comparison-governance_rule=conviction_quorumPercentage=0_04-run-015,governance_rule=conviction_quorumPercentage=0.04,1043,10874,1,0.22307663715890866,0.5061676159591579,0.9765848845466443,0.27173383637933984,0.25502634855523826,0.5407686411090498,0.24848956877156603,0.2537061043572592,0.6612903225806451,0.3685651037384937,0.5063295323186973,0.017782980854756634,0.3135802469135803,12049.935903993617,0.2394052533725167
Voting Mechanism Comparison-governance_rule=conviction_quorumPercentage=0_08-run-015,governance_rule=conviction_quorumPercentage=0.08,1073,9365,1,0.2204528415772196,0.4547680035268622,0.9872093780908304,0.27794716780393874,0.2757055688558989,0.6698876606559362,0.2391005243197273,0.2755999540001817,0.7446808510638298,0.41454203409758966,0.45487965741190106,0.019189093699503248,0.34074074074074073,12051.024437647035,0.2369551688509922
Voting Mechanism Comparison-governance_rule=majority_quorumPercentage=0_04-run-016,governance_rule=majority_quorumPercentage=0.04,924,11176,0.9787234042553191,0.22411449707198053,0.46655731219152363,0.9855874628147214,0.2842524175973298,0.26158385236116655,0.5703557142721137,0.2359936718984993,0.2643589474640805,1,0.3964566916629347,0.46665524468090164,0.018293429197171633,0.3308641975308642,10648.3220562465,0.2780929177308792
Voting Mechanism Comparison-governance_rule=majority_quorumPercentage=0_08-run-016,governance_rule=majority_quorumPercentage=0.08,954,11444,1,0.2292167170187878,0.42657516081474744,0.9819255605997455,0.27386463486307877,0.26618653667132275,0.5589444118514146,0.22887863998231642,0.267013195733351,1,0.388228915437396,0.4266657326397344,0.019526531792672868,0.345679012345679,12051.124829418422,0.26049472600510837
Voting Mechanism Comparison-governance_rule=quadratic_quorumPercentage=0_04-run-016,governance_rule=quadratic_quorumPercentage=0.04,984,11483,1,0.22429373944250772,0.45127453229775827,0.9784557555276319,0.2799069126971946,0.2682367825883084,0.614772903146142,0.23508098531066185,0.26172318553901996,1,0.376586405526974,0.45113656871397756,0.017816557796384518,0.3358024691358025,12053.312582908064,0.19022804832130122
Voting Mechanism Comparison-governance_rule=quadratic_quorumPercentage=0_08-run-016,governance_rule=quadratic_quorumPercentage=0.08,1014,11797,1,0.2243061610421168,0.4724588907039342,0.9770647021182799,0.2856761591566581,0.26513923384747656,0.5411747351664993,0.23823240042774688,0.27090004863410677,1,0.3905675158248397,0.4724571752274544,0.015210292371080673,0.3234567901234568,12048.73171817006,0.19374919065245164
Voting Mechanism Comparison-governance_rule=conviction_quorumPercentage=0_04-run-016,governance_rule=conviction_quorumPercentage=0.04,1044,9528,1,0.22129170931980355,0.46823517204150233,0.9816911600939675,0.2763758222632568,0.2606860457932684,0.6572633937726964,0.23659891471510797,0.2580258071905611,0.725,0.4187269933168936,0.4683472794077965,0.01939770293165124,0.3333333333333333,12048.316227705802,0.22260935019563308
Voting Mechanism Comparison-governance_rule=conviction_quorumPercentage=0_08-run-016,governance_rule=conviction_quorumPercentage=0.08,1074,10537,0.9824561403508771,0.23205753040460073,0.47125976695973426,0.9805608331745979,0.28009654296248176,0.2649344929037488,0.4966328965299631,0.2436602675054915,0.2747371667425385,0.8070175438596491,0.40148105558483593,0.47150317127463726,0.020459197886593176,0.3308641975308642,10679.661167891492,0.20921673018990153
Voting Mechanism Comparison-governance_rule=majority_quorumPercentage=0_04-run-017,governance_rule=majority_quorumPercentage=0.04,925,12363,0.9811320754716981,0.2252561929709724,0.449716432364367,0.9860486242403574,0.27450813005417524,0.26671049332972074,0.4798289720549935,0.2334405874839946,0.2743312190292144,1,0.39482866359291346,0.4497234538429173,0.018821879512435923,0.34074074074074073,10986.983329697,0.24862555569838557
Voting Mechanism Comparison-governance_rule=majority_quorumPercentage=0_08-run-017,governance_rule=majority_quorumPercentage=0.08,955,11693,1,0.22302923467880134,0.44227988956310704,0.9823643328912006,0.2620644570185155,0.26832737674645657,0.5961329467160247,0.21935897003905763,0.2599268304057267,1,0.40546018923669547,0.44199456166120116,0.018409518512281224,0.33827160493827163,12051.34055898802,0.24112382498578525
Voting Mechanism Comparison-governance_rule=quadratic_quorumPercentage=0_04-run-017,governance_rule=quadratic_quorumPercentage=0.04,985,9454,1,0.20670736142231758,0.4953518608936709,0.9848685208231951,0.28101960370541557,0.2799079415128494,0.6667421333367922,0.23975152822495913,0.27325627685728454,1,0.3755774198714601,0.49527540246048046,0.018352988492018198,0.32592592592592595,11619.674102770521,0.21350144794651393
Voting Mechanism Comparison-governance_rule=quadratic_quorumPercentage=0_08-run-017,governance_rule=quadratic_quorumPercentage=0.08,1015,10651,1,0.22547965627892452,0.4504593877206404,0.9828309652210538,0.28217340833351784,0.27613246550066695,0.6011442543851321,0.22806273304304786,0.27384508024887366,1,0.39291587119765814,0.4506842222695749,0.019679008723621393,0.33827160493827163,12049.924656747902,0.23178093670725014
Voting Mechanism Comparison-governance_rule=conviction_quorumPercentage=0_04-run-017,governance_rule=conviction_quorumPercentage=0.04,1045,8919,1,0.21408763977098244,0.505344214740937,0.9762488210899027,0.27691846100530754,0.2714490912188033,0.7049937684440966,0.24186011759714796,0.269862234050176,0.7272727272727273,0.37862230173908873,0.5052284548293138,0.016897308483490293,0.3135802469135803,12060.573946356772,0.20304697299807603
Voting Mechanism Comparison-governance_rule=conviction_quorumPercentage=0_08-run-017,governance_rule=conviction_quorumPercentage=0.08,1075,10623,1,0.22479401697448817,0.4334728908731471,0.989452467494226,0.27422883502569734,0.277896877897988,0.6255670145460723,0.2313774123351051,0.27700314267897647,0.75,0.40461677570342003,0.43356076976853447,0.018867751833262746,0.3432098765432099,11156.806433883803,0.25427202866888937
Voting Mechanism Comparison-governance_rule=majority_quorumPercentage=0_04-run-018,governance_rule=majority_quorumPercentage=0.04,926,10468,0.9736842105263158,0.22691179716101628,0.49889792070196437,0.9806736852043969,0.2659387926624125,0.25054776515013993,0.4768479317159829,0.2536902552646223,0.2669750626382361,1,0.4347003990522509,0.4989265631168714,0.017911028947008214,0.3234567901234568,11491.93102703131,0.20917837061295935
Voting Mechanism Comparison-governance_rule=majority_quorumPercentage=0_08-run-018,governance_rule=majority_quorumPercentage=0.08,956,11247,0.9642857142857143,0.2409124626022097,0.43492012958239545,0.9842132084206299,0.2693753161627683,0.27702186533634193,0.5180205088879666,0.23805968980140274,0.2720414251403244,1,0.3766945369826028,0.4351473794325405,0.018912394654464343,0.3432098765432099,11617.731999141726,0.24154459683381233
Voting Mechanism Comparison-governance_rule=quadratic_quorumPercentage=0_04-run-018,governance_rule=quadratic_quorumPercentage=0.04,986,10301,1,0.22219320184667157,0.42538882868814665,0.9826248413308345,0.2588114873478603,0.2653307956645559,0.64491820061413,0.21384471798276514,0.2630712346695021,0.9814814814814815,0.42626827361874825,0.42555394428964544,0.019576695523068587,0.345679012345679,12060.631497964418,0.2522117712244034
Voting Mechanism Comparison-governance_rule=quadratic_quorumPercentage=0_08-run-018,governance_rule=quadratic_quorumPercentage=0.08,1016,9282,1,0.21385258985093003,0.47393373857619037,0.9761071799152321,0.2768163533178021,0.27598074796334976,0.6900320254979344,0.24407024752125014,0.27160831816920056,1,0.4057030415973873,0.4739644743000451,0.01735692831778007,0.3358024691358025,12048.30240704622,0.22326189074992095
Voting Mechanism Comparison-governance_rule=conviction_quorumPercentage=0_04-run-018,governance_rule=conviction_quorumPercentage=0.04,1046,9244,1,0.24005620518255216,0.40524828707441696,0.981729966812461,0.26832872236638095,0.28339345955074635,0.6228075349399796,0.23936776706144333,0.27527313678530607,0.7659574468085106,0.3961285327138986,0.4050109447003268,0.01841699382988874,0.35802469135802467,10840.975098564564,0.2633815125689158
Voting Mechanism Comparison-governance_rule=conviction_quorumPercentage=0_08-run-018,governance_rule=conviction_quorumPercentage=0.08,1076,11089,1,0.22781720791000487,0.41323913568963766,0.9814727166962023,0.26021950385217685,0.2756008776611301,0.6153036440767355,0.2286055055084233,0.2678218967164228,0.7142857142857143,0.41449026345933565,0.4147751242022829,0.01738607036098162,0.34814814814814815,12003.184960311508,0.24794115372468697
Voting Mechanism Comparison-governance_rule=majority_quorumPercentage=0_04-run-019,governance_rule=majority_quorumPercentage=0.04,927,11344,0.9767441860465116,0.21449107650966912,0.46228237475096456,0.9802419319395448,0.24924169353240486,0.2573318398027815,0.6123639384935194,0.23601662538161794,0.25429779000699465,1,0.3998798682841544,0.46226896824655467,0.01882144689535323,0.33827160493827163,11628.153715106324,0.24906657317525382
Voting Mechanism Comparison-governance_rule=majority_quorumPercentage=0_08-run-019,governance_rule=majority_quorumPercentage=0.08,957,9640,0.9714285714285714,0.24697798052161488,0.3826695393793129,0.9791881213075151,0.26292968622275287,0.238347665066192,0.5475214117308337,0.20859096085894177,0.2500403657602821,1,0.4276707135904923,0.38285684289138633,0.02477248930739932,0.3530864197530864,11268.479352690047,0.2734660875612987
Voting Mechanism Comparison-governance_rule=quadratic_quorumPercentage=0_04-run-019,governance_rule=quadratic_quorumPercentage=0.04,987,10838,1,0.2346529531432357,0.41189226093433073,0.9902810707281993,0.2636908194869607,0.2724133200439064,0.5632814625074606,0.22491098062662443,0.27146988096758506,1,0.4333024305072699,0.41220799796007784,0.019969330788932847,0.34814814814814815,11590.405070105347,0.2556437134167826
Voting Mechanism Comparison-governance_rule=quadratic_quorumPercentage=0_08-run-019,governance_rule=quadratic_quorumPercentage=0.08,1017,9489,1,0.22107726202518863,0.463564167325589,0.97997035777533,0.26274591555770344,0.2716154624721546,0.5842105717560401,0.23002365426235946,0.26695435762979214,0.9761904761904762,0.38467135029443195,0.4634805486907631,0.018718868021636845,0.3333333333333333,10973.151487108711,0.22789943376577507
Voting Mechanism Comparison-governance_rule=conviction_quorumPercentage=0_04-run-019,governance_rule=conviction_quorumPercentage=0.04,1047,9691,1,0.2137150110528398,0.4876507067363762,0.981690884476915,0.27532686528399775,0.27779796291580955,0.6445040679396483,0.24213893692949864,0.2793587781461719,0.6136363636363636,0.3997327590495888,0.48769541576835934,0.017433822718432638,0.32592592592592595,11182.723319144812,0.2532069547012031
Voting Mechanism Comparison-governance_rule=conviction_quorumPercentage=0_08-run-019,governance_rule=conviction_quorumPercentage=0.08,1077,13173,0.9821428571428571,0.2221315591373504,0.49715185615764357,0.9852521860608516,0.278122528793354,0.26809131611784803,0.5705492831904311,0.239223116362191,0.2752976935472231,0.7368421052631579,0.3916649823074912,0.4971578301291403,0.018096656606851044,0.31851851851851853,12049.45034636472,0.2240324498592512
Voting Mechanism Comparison-governance_rule=majority_quorumPercentage=0_04-run-020,governance_rule=majority_quorumPercentage=0.04,928,11466,1,0.2352204822045105,0.43836283071263993,0.9709399057302579,0.255321192971108,0.24684512453781499,0.5864773277130526,0.2247817457780762,0.25490555990908503,1,0.39238501037911067,0.4384581427578508,0.0148416187743678,0.33827160493827163,12048.371260686241,0.22557263843331427
Voting Mechanism Comparison-governance_rule=majority_quorumPercentage=0_08-run-020,governance_rule=majority_quorumPercentage=0.08,958,11267,1,0.22253763598181567,0.4297414201410066,0.9835231283225141,0.2525435328209955,0.2609073196379231,0.6745415958050442,0.24054271856514015,0.2570389850431433,1,0.38421003928025554,0.4298323079452269,0.01824358536438393,0.3506172839506173,12048.1056879859,0.2223543770962948
Voting Mechanism Comparison-governance_rule=quadratic_quorumPercentage=0_04-run-020,governance_rule=quadratic_quorumPercentage=0.04,988,14843,1,0.21888601255359608,0.48130727221191516,0.9787837845098648,0.27178034589779726,0.25620798364290176,0.656167435296724,0.23679017539205235,0.25429409279521326,1,0.37763848167245195,0.48150897469275905,0.017385475682451895,0.3234567901234568,10844.61207525095,0.2649741017469874
Voting Mechanism Comparison-governance_rule=quadratic_quorumPercentage=0_08-run-020,governance_rule=quadratic_quorumPercentage=0.08,1018,11728,0.9863013698630136,0.2365123837221971,0.40290595080690483,0.9815168778707282,0.25556026435060997,0.24008198612483722,0.5879313198474506,0.2076529108186671,0.24371286602334075,1,0.4195517101801255,0.40311073343688897,0.01626731780703297,0.3506172839506173,12040.316768064959,0.2665118496918396
Voting Mechanism Comparison-governance_rule=conviction_quorumPercentage=0_04-run-020,governance_rule=conviction_quorumPercentage=0.04,1048,9115,1,0.22299557361345052,0.44657458747776935,0.9767229790652596,0.2616597824359468,0.25878270432525685,0.68397269404806,0.2382884880889811,0.2504224431805272,0.6976744186046512,0.4107404183992522,0.4476180433944854,0.02082922819428257,0.34074074074074073,12048.28531106324,0.21815761870303316
Voting Mechanism Comparison-governance_rule=conviction_quorumPercentage=0_08-run-020,governance_rule=conviction_quorumPercentage=0.08,1078,9414,0.9791666666666666,0.2251070047289004,0.46574651611197293,0.973519928143884,0.27838035227722757,0.26892808850548566,0.570237687695068,0.23365991466793093,0.260411200554708,0.6530612244897959,0.39336519935498554,0.4658215789603337,0.017853499106339713,0.3308641975308642,12048.811121602832,0.22441323462206408
Voting Mechanism Comparison-governance_rule=majority_quorumPercentage=0_04-run-021,governance_rule=majority_quorumPercentage=0.04,929,12527,0.9565217391304348,0.216012359975824,0.4860040258184697,0.9821535185664652,0.26737351915734114,0.27959783833367113,0.4616931409819147,0.24967536824342138,0.26671075750477186,1,0.373806161978205,0.4859359002489883,0.01783298168477137,0.32839506172839505,11287.020358277287,0.23400092381128304
Voting Mechanism Comparison-governance_rule=majority_quorumPercentage=0_08-run-021,governance_rule=majority_quorumPercentage=0.08,959,12990,0.9615384615384616,0.22602450770740865,0.4854498248427954,0.9842322132237749,0.27507258503012894,0.2841452856347632,0.4987739200276323,0.23506484766951016,0.2723660190187698,1,0.41155608759265305,0.48549856716219925,0.018629969595511303,0.31851851851851853,10692.537505618162,0.240583306043312
Voting Mechanism Comparison-governance_rule=quadratic_quorumPercentage=0_04-run-021,governance_rule=quadratic_quorumPercentage=0.04,989,11066,1,0.23057258953462667,0.3991505343178918,0.9895217107938765,0.2581451194553621,0.25217143028093353,0.599388266027803,0.2139562150935242,0.24570263053274724,1,0.42995262955622054,0.39918129453028833,0.020677995324569643,0.3506172839506173,10772.341659438312,0.24963837737164968
Voting Mechanism Comparison-governance_rule=quadratic_quorumPercentage=0_08-run-021,governance_rule=quadratic_quorumPercentage=0.08,1019,11306,1,0.23618010915048623,0.42380465121305355,0.985748493038977,0.2809210958980617,0.2781199864939898,0.5914387408090033,0.22801949781153844,0.2763161180727133,1,0.39819893489267927,0.42394127080127586,0.018617745549093474,0.345679012345679,12048.326641782482,0.23551855411746161
Voting Mechanism Comparison-governance_rule=conviction_quorumPercentage=0_04-run-021,governance_rule=conviction_quorumPercentage=0.04,1049,9034,1,0.2296787467564407,0.4608285527238778,0.9809399341330667,0.27131733140313685,0.2670910530534506,0.6440810227006818,0.23092465205273263,0.2661133971448705,0.75,0.3922271556213342,0.46087508130296634,0.03333063132914352,0.3358024691358025,11515.834212855383,0.26896868205820007
Voting Mechanism Comparison-governance_rule=conviction_quorumPercentage=0_08-run-021,governance_rule=conviction_quorumPercentage=0.08,1079,8928,0.95,0.22032794960342575,0.49770880100485826,0.9832695283377575,0.2777200820927894,0.27053628166599764,0.555806176922178,0.2394308130027159,0.26713966632100034,0.6,0.3993480983609108,0.49792182413265157,0.01649110829515839,0.3160493827160494,10831.142845309007,0.24451714599987223
Voting Mechanism Comparison-governance_rule=majority_quorumPercentage=0_04-run-022,governance_rule=majority_quorumPercentage=0.04,930,11469,0.9545454545454546,0.21718012273992404,0.47297330355250566,0.9782620685352146,0.29236136815230024,0.27948842256769046,0.5504243369876938,0.237036353415312,0.2693100378293945,1,0.39453911421220234,0.4729768409346333,0.016870129146888912,0.32839506172839505,11682.016942253535,0.2625773849852735
Voting Mechanism Comparison-governance_rule=majority_quorumPercentage=0_08-run-022,governance_rule=majority_quorumPercentage=0.08,960,11262,1,0.23227370137793946,0.44008955953367646,0.9793242552108203,0.26010103182787925,0.23784635744757948,0.5520090833255955,0.20848083733917075,0.2423015107378604,0.9824561403508771,0.4126368914308278,0.44014932681393243,0.021903982701379048,0.3308641975308642,11584.077953814358,0.23354569291826408
Voting Mechanism Comparison-governance_rule=quadratic_quorumPercentage=0_04-run-022,governance_rule=quadratic_quorumPercentage=0.04,990,10489,1,0.2169303982772092,0.44395296959574027,0.9797130830151262,0.2614203141187837,0.2565193635268786,0.6248609065284391,0.23171967691245896,0.26062382541617174,1,0.4078614778734253,0.4439360088152904,0.017721658669768173,0.345679012345679,12055.472174618459,0.23318756619077236
Voting Mechanism Comparison-governance_rule=quadratic_quorumPercentage=0_08-run-022,governance_rule=quadratic_quorumPercentage=0.08,1020,8679,1,0.2226255811618321,0.4487900722184537,0.9864278535801045,0.27716307589232697,0.3036463698754501,0.6637864233207755,0.22247200060219838,0.29890633112816856,1,0.4521712711492115,0.4487997574028833,0.019725604411480354,0.3333333333333333,12049.310516525966,0.2481863813543885
Voting Mechanism Comparison-governance_rule=conviction_quorumPercentage=0_04-run-022,governance_rule=conviction_quorumPercentage=0.04,1050,10346,1,0.2137051306721794,0.48665353852047466,0.9921601265542543,0.26745279406695943,0.27297836684588134,0.5499790268803977,0.24856990828771172,0.2767062919791024,0.7142857142857143,0.3819223602317701,0.4866591948170017,0.018765716114144227,0.3308641975308642,12049.197326913101,0.20215397056140283
Voting Mechanism Comparison-governance_rule=conviction_quorumPercentage=0_08-run-022,governance_rule=conviction_quorumPercentage=0.08,1080,9926,0.9807692307692307,0.22901563704603722,0.49841904642851964,0.9791401760042813,0.26075420539070987,0.25708067214900804,0.5418568903274126,0.248105417467079,0.24982687700397171,0.6415094339622641,0.37749922624574433,0.498509555570192,0.018606736389340274,0.31851851851851853,11550.516555311462,0.2269557816805277
Voting Mechanism Comparison-governance_rule=majority_quorumPercentage=0_04-run-023,governance_rule=majority_quorumPercentage=0.04,931,10596,0.9512195121951219,0.22492465517736204,0.4715797562885562,0.9823307496593552,0.26207495080369436,0.2645237862230273,0.5425382808232568,0.23295366534625914,0.26540776790317056,1,0.4216842792351756,0.471845224663002,0.017766724947561246,0.32839506172839505,11719.467406126472,0.22882046325458327
Voting Mechanism Comparison-governance_rule=majority_quorumPercentage=0_08-run-023,governance_rule=majority_quorumPercentage=0.08,961,9894,0.9555555555555556,0.22049188036630807,0.4508523375590421,0.9871609377489639,0.27524064171681817,0.28468111211070496,0.47494962930121454,0.22809472649796644,0.2739412298260407,1,0.39327629877605963,0.45104879650375485,0.0194326676584311,0.34074074074074073,12041.80325299686,0.23214874612223615
Voting Mechanism Comparison-governance_rule=quadratic_quorumPercentage=0_04-run-023,governance_rule=quadratic_quorumPercentage=0.04,991,10776,1,0.2111469397574442,0.4825177593196086,0.9797477801406058,0.26730085942848825,0.25738367877182633,0.6562972879633083,0.2318357893168951,0.25538466065345883,1,0.39115502955558107,0.4825633070789779,0.018933390613184685,0.3308641975308642,11821.616504022217,0.2220375237226845
Voting Mechanism Comparison-governance_rule=quadratic_quorumPercentage=0_08-run-023,governance_rule=quadratic_quorumPercentage=0.08,1021,10583,1,0.22106987839196726,0.46119678192626745,0.9839067143209799,0.2648969024613209,0.260398764115576,0.6018629443147457,0.2316802676499807,0.25945423096995324,1,0.3968683832338999,0.4612119758189889,0.018403568230710942,0.3333333333333333,11072.377815107067,0.2042340780961246
Voting Mechanism Comparison-governance_rule=conviction_quorumPercentage=0_04-run-023,governance_rule=conviction_quorumPercentage=0.04,1051,9285,0.9772727272727273,0.22200961808979838,0.4428982213960637,0.9827322582319558,0.2865512513290219,0.28147519995063486,0.6806218513303119,0.22863549216694254,0.28612981293832085,0.7391304347826086,0.4066177924682883,0.44302298126103307,0.01877750285277775,0.3432098765432099,11396.622104496917,0.22900329970830144
Voting Mechanism Comparison-governance_rule=conviction_quorumPercentage=0_08-run-023,governance_rule=conviction_quorumPercentage=0.08,1081,10711,1,0.22205045028532072,0.465727892624221,0.9858672641690283,0.27540154164212216,0.26598078102608036,0.5408403621022956,0.23768750997812013,0.27280833479361644,0.7446808510638298,0.4030701356782401,0.46579187639483277,0.01841309695254211,0.3358024691358025,11092.6930447264,0.23392609295357605
Voting Mechanism Comparison-governance_rule=majority_quorumPercentage=0_04-run-024,governance_rule=majority_quorumPercentage=0.04,932,11022,0.9318181818181818,0.2400855044944823,0.4104629191865481,0.9837159566564615,0.25308980970718137,0.25723152286170814,0.483971790005083,0.2265113151153221,0.25595724718291446,1,0.3994723691945914,0.40997456657594994,0.020049863957489502,0.34814814814814815,12046.855761450346,0.2391598902021946
Voting Mechanism Comparison-governance_rule=majority_quorumPercentage=0_08-run-024,governance_rule=majority_quorumPercentage=0.08,962,8758,0.9487179487179487,0.2235691555923553,0.4838470895802538,0.9886219515175216,0.2731392725134527,0.2646629971885286,0.4755631159227055,0.23604086687936357,0.26032006929035745,1,0.4158316577633421,0.48388038662592464,0.018728899874883798,0.3234567901234568,11128.282033228432,0.1933381883473126
Voting Mechanism Comparison-governance_rule=quadratic_quorumPercentage=0_04-run-024,governance_rule=quadratic_quorumPercentage=0.04,992,10738,1,0.22481607032157647,0.4607344357787022,0.9876811013243223,0.27163221025755074,0.25604359160939993,0.5745178697401531,0.24702240194981792,0.26885732939640866,1,0.4093343911909313,0.46051866238961525,0.018446360658852617,0.33827160493827163,12051.935692205485,0.24468118892655238
Voting Mechanism Comparison-governance_rule=quadratic_quorumPercentage=0_08-run-024,governance_rule=quadratic_quorumPercentage=0.08,1022,11744,1,0.22404700850681866,0.41468109251757257,0.9756322479518853,0.27912868372679683,0.2740954318818641,0.6730825482532927,0.20517362645570955,0.26976165799999247,0.975609756097561,0.4240922668155933,0.41457381648653563,0.021745958315414923,0.345679012345679,12049.410467492837,0.27584284898394845
Voting Mechanism Comparison-governance_rule=conviction_quorumPercentage=0_04-run-024,governance_rule=conviction_quorumPercentage=0.04,1052,11456,0.9836065573770492,0.21853932283283528,0.4663009698185263,0.9768663538416325,0.2644681453705492,0.2592182341456867,0.5980505100103244,0.24131009717455448,0.25926986163264504,0.6666666666666666,0.3901951255430381,0.46614356809842544,0.017766893365321442,0.3358024691358025,11343.307079319415,0.2205282479857892
Voting Mechanism Comparison-governance_rule=conviction_quorumPercentage=0_08-run-024,governance_rule=conviction_quorumPercentage=0.08,1082,8853,1,0.2215400729824214,0.4813971906318768,0.982281129569428,0.2531851015520989,0.25802178274285353,0.6122261230736429,0.2505288344731863,0.2604763651776547,0.6666666666666666,0.4254564423578508,0.48140395100214994,0.018876955906566715,0.3308641975308642,11037.426088534403,0.23355896978785298
Voting Mechanism Comparison-governance_rule=majority_quorumPercentage=0_04-run-025,governance_rule=majority_quorumPercentage=0.04,933,9720,0.975,0.21616341550632323,0.4986247990211021,0.9830049953118176,0.2821296636617214,0.25345318947203577,0.4958618928028219,0.23883452116272202,0.26222193881359185,1,0.42462818857659496,0.49865356717907866,0.01850173120078664,0.3234567901234568,11711.282921310209,0.23631696425666351
Voting Mechanism Comparison-governance_rule=majority_quorumPercentage=0_08-run-025,governance_rule=majority_quorumPercentage=0.08,963,10128,0.9433962264150944,0.22730969192199962,0.4395725940583439,0.98198232525327,0.2657643794607824,0.2661675785910304,0.4995966951462898,0.23661873569262581,0.2667761122176394,1,0.40432235973521885,0.4395875293431887,0.017950749831498646,0.345679012345679,11426.735305499593,0.25045537029064285
Voting Mechanism Comparison-governance_rule=quadratic_quorumPercentage=0_04-run-025,governance_rule=quadratic_quorumPercentage=0.04,993,11014,1,0.20642615904519762,0.4894664120053329,0.9774125361171961,0.2793306959632145,0.26443647493828926,0.7007116213065903,0.236352613296047,0.26930980981586056,1,0.37942635485435083,0.48935830788927537,0.017757017978882347,0.32592592592592595,12052.782031183784,0.2301992763785532
Voting Mechanism Comparison-governance_rule=quadratic_quorumPercentage=0_08-run-025,governance_rule=quadratic_quorumPercentage=0.08,1023,11868,1,0.2413964575794236,0.42019285964042874,0.9811258061799761,0.2612069879222765,0.251862862859345,0.6800944111870573,0.2325904893549051,0.24770758679746685,1,0.39311629478476195,0.42010068982750104,0.01764463832848881,0.345679012345679,12049.844929317092,0.235966302830306
Voting Mechanism Comparison-governance_rule=conviction_quorumPercentage=0_04-run-025,governance_rule=conviction_quorumPercentage=0.04,1053,9740,1,0.21782697417130384,0.4773851232925961,0.9794937093818992,0.26163728644718726,0.26774121956046154,0.5224307700774475,0.24566653876565508,0.2641362569732653,0.8148148148148148,0.3802782544197113,0.4777470017331492,0.01848726454421744,0.3333333333333333,10900.301161508212,0.2201140699052817
Voting Mechanism Comparison-governance_rule=conviction_quorumPercentage=0_08-run-025,governance_rule=conviction_quorumPercentage=0.08,1083,8988,1,0.2325720328333633,0.39542400515237097,0.990145164238446,0.265191732946246,0.2703199345984511,0.5270315757087677,0.21597878947494478,0.2622930559362544,0.6666666666666666,0.4103541497702082,0.39535730688954157,0.018599246907961556,0.3530864197530864,12048.51444906751,0.25520518075803306
Voting Mechanism Comparison-governance_rule=majority_quorumPercentage=0_04-run-026,governance_rule=majority_quorumPercentage=0.04,934,11543,0.9736842105263158,0.2093868280303414,0.5162353692710937,0.988280575314928,0.2806960968111044,0.2663772481289935,0.49577393421222776,0.24115760811038353,0.2760923629210353,1,0.4332469254169478,0.5162565535359626,0.018746891810445705,0.3135802469135803,11869.916719533643,0.19054466372454484
Voting Mechanism Comparison-governance_rule=majority_quorumPercentage=0_08-run-026,governance_rule=majority_quorumPercentage=0.08,964,11478,1,0.23044271441841357,0.4539270399768678,0.9801947973497431,0.2797548746859312,0.2662805167633176,0.5572207378655079,0.2312223244096273,0.26314944240305127,1,0.3803634774129554,0.45389997483510275,0.019321850940975674,0.3333333333333333,12050.016571427954,0.21774593704984324
Voting Mechanism Comparison-governance_rule=quadratic_quorumPercentage=0_04-run-026,governance_rule=quadratic_quorumPercentage=0.04,994,10384,1,0.20911025667947464,0.49456131681697824,0.9822369522039638,0.2856903376845594,0.2801184723102144,0.6027044528643418,0.24339049659072867,0.2766526340252275,1,0.39141139011557735,0.4945974994386152,0.01781096465534807,0.32592592592592595,12040.196397956739,0.20950945963426762
Voting Mechanism Comparison-governance_rule=quadratic_quorumPercentage=0_08-run-026,governance_rule=quadratic_quorumPercentage=0.08,1024,11507,1,0.2198821911556468,0.4722000745545678,0.9854152465305619,0.2756894415606584,0.28744853621720007,0.6238241894801859,0.24297087555647673,0.2806983733524561,1,0.4042773498733233,0.4722238940534064,0.01714402288737435,0.3308641975308642,10872.937483786485,0.19734124246371781
Voting Mechanism Comparison-governance_rule=conviction_quorumPercentage=0_04-run-026,governance_rule=conviction_quorumPercentage=0.04,1054,11648,0.9814814814814815,0.23284657675822343,0.44555512548551124,0.9832894201633984,0.26018643015959186,0.24957538541069255,0.555462305624628,0.21414459433231955,0.2580971386797982,0.6842105263157895,0.43141411708022165,0.44545596725457304,0.021086147721010653,0.3358024691358025,12052.372776694077,0.24403920999978077
Voting Mechanism Comparison-governance_rule=conviction_quorumPercentage=0_08-run-026,governance_rule=conviction_quorumPercentage=0.08,1084,8842,1,0.2193203169030386,0.47009866305420744,0.9881791052516864,0.2706762597593257,0.2665713424287485,0.5687952545602603,0.22836317090032582,0.2680207764718614,0.6666666666666666,0.4245262382916066,0.4705084403246798,0.01970310042431794,0.3333333333333333,11708.659425752767,0.23395707291847637
Voting Mechanism Comparison-governance_rule=majority_quorumPercentage=0_04-run-027,governance_rule=majority_quorumPercentage=0.04,935,11082,0.9636363636363636,0.23174472094318985,0.45322834560711933,0.9807727714159427,0.2845977610402327,0.2660379515630137,0.5295070305385339,0.22005346937986997,0.2672876777780571,1,0.40087555496555893,0.4534279873591354,0.017821690130200775,0.3333333333333333,10758.86482472251,0.2528353427487555
Voting Mechanism Comparison-governance_rule=majority_quorumPercentage=0_08-run-027,governance_rule=majority_quorumPercentage=0.08,965,10677,1,0.20947597350417943,0.5085255284686403,0.9761706639325918,0.29019738106887555,0.26374854922110424,0.5479314877050022,0.24420706314664772,0.2869808200501287,1,0.39840441170627827,0.5083416597696242,0.014751245694838464,0.3111111111111111,10900.542139621028,0.23543062558915104
Voting Mechanism Comparison-governance_rule=quadratic_quorumPercentage=0_04-run-027,governance_rule=quadratic_quorumPercentage=0.04,995,9850,0.9777777777777777,0.23022771679891532,0.47540917181733056,0.9785326581579046,0.2904169075490963,0.29319920903246166,0.6476329393311904,0.23764510222169813,0.28641841253004174,1,0.41463284379172227,0.47552220876735607,0.018043214516184167,0.32592592592592595,12038.858102355449,0.2065205167788274
Voting Mechanism Comparison-governance_rule=quadratic_quorumPercentage=0_08-run-027,governance_rule=quadratic_quorumPercentage=0.08,1025,10888,1,0.2342247736814461,0.41903423438819853,0.9751346743812908,0.26013055415706415,0.26240717138623093,0.6349816125944759,0.22873346426557528,0.25319076506761473,1,0.3858375114561432,0.4194024358952561,0.017928714725423366,0.34814814814814815,11744.019420428385,0.22535432794133284
Voting Mechanism Comparison-governance_rule=conviction_quorumPercentage=0_04-run-027,governance_rule=conviction_quorumPercentage=0.04,1055,10425,1,0.21726211876646448,0.48960188774560454,0.978080784126458,0.26797386008273405,0.2626017707523454,0.6155259257142653,0.24239352968934258,0.26597332265046275,0.82,0.41187958243193473,0.4897466572164615,0.019365545202273494,0.32839506172839505,12058.98023423304,0.2218909050256082
Voting Mechanism Comparison-governance_rule=conviction_quorumPercentage=0_08-run-027,governance_rule=conviction_quorumPercentage=0.08,1085,11016,1,0.22335059280283773,0.4770928887014083,0.9884159770615322,0.26738370296767344,0.2646238616676101,0.5516006166534796,0.2439471925486599,0.2630607064969811,0.75,0.4059024223814398,0.47709744296413925,0.014563630676670497,0.32592592592592595,11532.039870083774,0.2089125269176974
Voting Mechanism Comparison-governance_rule=majority_quorumPercentage=0_04-run-028,governance_rule=majority_quorumPercentage=0.04,936,9710,1,0.21546310391305298,0.47384658252193423,0.9778961617469859,0.28179109582882644,0.28448120959132983,0.5717100912352184,0.23487946646633925,0.2780261241434786,1,0.4238387864695787,0.47383189777674295,0.019511972772741887,0.3308641975308642,12050.10302352401,0.21992627434848783
Voting Mechanism Comparison-governance_rule=majority_quorumPercentage=0_08-run-028,governance_rule=majority_quorumPercentage=0.08,966,10136,0.9807692307692307,0.21827160906763282,0.48380237218503663,0.9861319996042457,0.2744961780054807,0.2736003759243857,0.5181632895523269,0.24792706650306284,0.2739199534108689,1,0.37969076725661044,0.48388979950563427,0.018125249614016188,0.32592592592592595,11609.826011393698,0.25550430990388856
Voting Mechanism Comparison-governance_rule=quadratic_quorumPercentage=0_04-run-028,governance_rule=quadratic_quorumPercentage=0.04,996,10740,0.9782608695652174,0.2296325081865747,0.43767102911752875,0.99010831621996,0.25470818211816343,0.266797534310615,0.6117527625922,0.22848306172816313,0.2616923647197273,1,0.39034954633348207,0.437610866229479,0.022033468609199518,0.3358024691358025,10663.819546733628,0.22625110393414705
Voting Mechanism Comparison-governance_rule=quadratic_quorumPercentage=0_08-run-028,governance_rule=quadratic_quorumPercentage=0.08,1026,8116,1,0.23767279514225195,0.42502189148941993,0.9834911680635932,0.2604224621675949,0.2707127046358373,0.6573817791630033,0.2248739621428033,0.2640874592108592,1,0.42726490754413965,0.42499335191953364,0.02239780496984952,0.3432098765432099,10835.30145227976,0.2503316928843066
Voting Mechanism Comparison-governance_rule=conviction_quorumPercentage=0_04-run-028,governance_rule=conviction_quorumPercentage=0.04,1056,11596,1,0.2181343187676876,0.46031684445707866,0.984112365091846,0.2901636681783591,0.2698348204236602,0.6153526868236993,0.2276382103342618,0.26932660225122,0.6296296296296297,0.405178629957391,0.460218646500961,0.017286599996419027,0.3333333333333333,10831.51813652147,0.22905773052333656
Voting Mechanism Comparison-governance_rule=conviction_quorumPercentage=0_08-run-028,governance_rule=conviction_quorumPercentage=0.08,1086,9784,0.9795918367346939,0.21531549915484693,0.4655691024806625,0.9798708815158601,0.2840081984138476,0.2745747058150848,0.5233884160165724,0.24374613302299986,0.2785569645440965,0.8235294117647058,0.40315308583367765,0.4656415681223573,0.018626209097078752,0.33827160493827163,11471.471436727254,0.2035155701845263
Voting Mechanism Comparison-governance_rule=majority_quorumPercentage=0_04-run-029,governance_rule=majority_quorumPercentage=0.04,937,10663,0.94,0.2238579020162349,0.468084976841751,0.9812681804219254,0.26594270946421705,0.2750387061543288,0.5737486913600531,0.23962892082721132,0.2753770625285337,1,0.4161340866710725,0.4681123919593495,0.016972818215424262,0.3308641975308642,10834.198553640208,0.2429720307186129
Voting Mechanism Comparison-governance_rule=majority_quorumPercentage=0_08-run-029,governance_rule=majority_quorumPercentage=0.08,967,10395,0.9761904761904762,0.23824536114874068,0.41292950683779206,0.9875267661408043,0.26150568094938964,0.26061783570951985,0.5295878488120183,0.21302520782342554,0.2513407797979276,1,0.42820592179923656,0.4129410597380872,0.02114581485595827,0.34814814814814815,10958.985415362557,0.2610653624747488
Voting Mechanism Comparison-governance_rule=quadratic_quorumPercentage=0_04-run-029,governance_rule=quadratic_quorumPercentage=0.04,997,10815,1,0.21651915073044978,0.45833650433754913,0.9877625352182402,0.2638115362324643,0.26323690781321313,0.6106776762505962,0.23028214763296082,0.26838231610430097,1,0.38318995268082684,0.458171477335732,0.019402241090100355,0.34074074074074073,11521.909690706803,0.21235899749059303
Voting Mechanism Comparison-governance_rule=quadratic_quorumPercentage=0_08-run-029,governance_rule=quadratic_quorumPercentage=0.08,1027,8747,1,0.22142274274005047,0.43611541499199413,0.9827770462299512,0.24594582807927878,0.2501042881585738,0.7157084680401549,0.2473921274573962,0.25647139867691016,1,0.40721531478192224,0.43616842429880603,0.019648304325039233,0.3506172839506173,12050.080655243888,0.22009825962567375
Voting Mechanism Comparison-governance_rule=conviction_quorumPercentage=0_04-run-029,governance_rule=conviction_quorumPercentage=0.04,1057,12317,1,0.21641874851895973,0.44280045828003467,0.9823434863119163,0.2663536839212158,0.2657805793725081,0.5282078925697898,0.23445575207229763,0.26363718394346203,0.6481481481481481,0.3963393031683734,0.44270161821487714,0.01716390477934678,0.3432098765432099,10846.69368241849,0.19786959303835638
Voting Mechanism Comparison-governance_rule=conviction_quorumPercentage=0_08-run-029,governance_rule=conviction_quorumPercentage=0.08,1087,10349,1,0.24470068561223818,0.41815309986615157,0.9871306508681976,0.2471444319309837,0.2307570272570132,0.564695684691521,0.21046951402707653,0.23869183889939358,0.6486486486486487,0.4360777032254434,0.41820619749573773,0.022628302364537382,0.33827160493827163,10784.72294030573,0.2604002503693539
Voting Mechanism Comparison-governance_rule=majority_quorumPercentage=0_04-run-030,governance_rule=majority_quorumPercentage=0.04,938,11622,0.9824561403508771,0.22552716789863597,0.4577457937803795,0.9841244059087944,0.2795313838718059,0.2795933099391504,0.490926670786552,0.24102227420565348,0.27735351382366447,1,0.3998503236881081,0.4577507676475543,0.01793801840143477,0.3333333333333333,11639.147188282897,0.20014404149917533
Voting Mechanism Comparison-governance_rule=majority_quorumPercentage=0_08-run-030,governance_rule=majority_quorumPercentage=0.08,968,9021,1,0.22046205866986007,0.3786686243685051,0.9864493145730093,0.27411550442728394,0.2752601949947193,0.507787078009121,0.20330355979847564,0.27055156606551095,1,0.41964261969785305,0.3789513802706941,0.022169430492767643,0.36049382716049383,12051.617958546827,0.2640219935469278
Voting Mechanism Comparison-governance_rule=quadratic_quorumPercentage=0_04-run-030,governance_rule=quadratic_quorumPercentage=0.04,998,11459,1,0.23483149336778808,0.4335029277577873,0.984435100335481,0.2855669596669811,0.2650689305714959,0.532058089590004,0.2353748734145415,0.2717196704501422,1,0.3810019556083096,0.43354251670706107,0.017947504968977485,0.34074074074074073,12055.331671007363,0.24336374113354547
Voting Mechanism Comparison-governance_rule=quadratic_quorumPercentage=0_08-run-030,governance_rule=quadratic_quorumPercentage=0.08,1028,12280,1,0.2285762995174805,0.48424252872552653,0.9863752529607932,0.2779750008788187,0.27950967397469145,0.6496348532259205,0.23938517881731752,0.27161240573844764,1,0.4185212559196299,0.4841948201563695,0.01855747128738009,0.31851851851851853,12052.453034002052,0.21261702083534173
Voting Mechanism Comparison-governance_rule=conviction_quorumPercentage=0_04-run-030,governance_rule=conviction_quorumPercentage=0.04,1058,9865,1,0.22581148781002913,0.4692263041937701,0.9831306863197788,0.2745016497821708,0.2747869943200404,0.6403588786915186,0.2410184683480335,0.27412599488979283,0.8222222222222222,0.39744078990342796,0.4694498527749527,0.019316458213611876,0.3308641975308642,11675.936927129751,0.24485401872305684
Voting Mechanism Comparison-governance_rule=conviction_quorumPercentage=0_08-run-030,governance_rule=conviction_quorumPercentage=0.08,1088,11111,0.9824561403508771,0.22905820376480993,0.39574434667281055,0.9833703268581857,0.250058050132081,0.2574759534610447,0.5969339178271635,0.2172617794995185,0.25500764796776104,0.6551724137931034,0.39584945642159575,0.395742939147517,0.019714524471503975,0.35555555555555557,10894.691867426835,0.2638174368045559