run_id,sweep_value,seed,duration_ms,Proposal Pass Rate,Quorum Reach Rate,Avg Time to Decision,Proposal Abandonment Rate,Proposal Rejection Rate,Governance Overhead,Average Turnout,Avg Margin of Victory,Proposal Rate,Total Proposals
Proposal Pipeline Effects-proposal_temp_check_fraction=0_proposal_fast_track_min_steps=0-run-004,proposal_temp_check_fraction=0_proposal_fast_track_min_steps=0,508,3590,0.4861878453038674,0.9893048128342246,1100.1988950276243,0.03208556149732621,0.5138121546961326,45.966850828729285,0.14108878215779375,0.26434598340537147,9.35,187
Proposal Pipeline Effects-proposal_temp_check_fraction=0_proposal_fast_track_min_steps=0-run-003,proposal_temp_check_fraction=0_proposal_fast_track_min_steps=0,507,3746,0.5645161290322581,0.9739583333333334,1029.6344086021506,0.03125,0.43548387096774194,45.11827956989247,0.1433371621049544,0.32120580213296407,9.6,192
Proposal Pipeline Effects-proposal_temp_check_fraction=0_proposal_fast_track_min_steps=0-run-002,proposal_temp_check_fraction=0_proposal_fast_track_min_steps=0,506,3778,0.5846153846153846,0.9798994974874372,960.8205128205128,0.020100502512562814,0.4153846153846154,42.83589743589744,0.13722985722701608,0.3300580229037713,9.950000000000001,199
Proposal Pipeline Effects-proposal_temp_check_fraction=0_proposal_fast_track_min_steps=0-run-001,proposal_temp_check_fraction=0_proposal_fast_track_min_steps=0,505,3889,0.5454545454545454,0.985781990521327,1073.6937799043062,0.009478672985781991,0.45454545454545453,42.97607655502392,0.1367472956328236,0.2764658097038924,10.549999999999999,211
Proposal Pipeline Effects-proposal_temp_check_fraction=0_proposal_fast_track_min_steps=0-run-007,proposal_temp_check_fraction=0_proposal_fast_track_min_steps=0,511,3311,0.5208333333333334,0.9846153846153847,1036.0572916666667,0.015384615384615385,0.4791666666666667,43.182291666666664,0.1469376692626036,0.3148246241491253,9.75,195
Proposal Pipeline Effects-proposal_temp_check_fraction=0_proposal_fast_track_min_steps=0-run-008,proposal_temp_check_fraction=0_proposal_fast_track_min_steps=0,512,3482,0.5767441860465117,0.9817351598173516,932.5674418604651,0.0182648401826484,0.4232558139534884,43.8,0.14058399911172945,0.31389440188928086,10.95,219
Proposal Pipeline Effects-proposal_temp_check_fraction=0_proposal_fast_track_min_steps=0-run-006,proposal_temp_check_fraction=0_proposal_fast_track_min_steps=0,510,3484,0.6060606060606061,0.9852216748768473,1024.2070707070707,0.024630541871921183,0.3939393939393939,43.484848484848484,0.1337818720435352,0.32848150532820797,10.15,203
Proposal Pipeline Effects-proposal_temp_check_fraction=0_proposal_fast_track_min_steps=0-run-005,proposal_temp_check_fraction=0_proposal_fast_track_min_steps=0,509,3456,0.5283018867924528,0.9723502304147466,992.6698113207547,0.02304147465437788,0.4716981132075472,44.264150943396224,0.1382222160436814,0.31437157225655593,10.85,217
Proposal Pipeline Effects-proposal_temp_check_fraction=0_proposal_fast_track_min_steps=0-run-009,proposal_temp_check_fraction=0_proposal_fast_track_min_steps=0,513,3440,0.5069124423963134,0.9863013698630136,1050.4009216589861,0.0091324200913242,0.4930875576036866,43.45161290322581,0.14841256537433553,0.27838293909657286,10.95,219
Proposal Pipeline Effects-proposal_temp_check_fraction=0_proposal_fast_track_min_steps=0-run-012,proposal_temp_check_fraction=0_proposal_fast_track_min_steps=0,516,3088,0.553072625698324,0.994413407821229,1082.296089385475,0,0.44692737430167595,43.1731843575419,0.14004725136334947,0.32998891537026176,8.95,179
Proposal Pipeline Effects-proposal_temp_check_fraction=0_proposal_fast_track_min_steps=0-run-010,proposal_temp_check_fraction=0_proposal_fast_track_min_steps=0,514,3362,0.5514018691588785,0.9815668202764977,1025.6495327102805,0.013824884792626729,0.4485981308411215,42.83177570093458,0.14015562630213707,0.3358658375535333,10.85,217
Proposal Pipeline Effects-proposal_temp_check_fraction=0_proposal_fast_track_min_steps=0-run-011,proposal_temp_check_fraction=0_proposal_fast_track_min_steps=0,515,3450,0.5609756097560976,0.9854368932038835,1127.7121951219513,0.0048543689320388345,0.43902439024390244,44.453658536585365,0.14407975725369002,0.3261272594195586,10.299999999999999,206
Proposal Pipeline Effects-proposal_temp_check_fraction=0_proposal_fast_track_min_steps=0-run-013,proposal_temp_check_fraction=0_proposal_fast_track_min_steps=0,517,2797,0.5234899328859061,0.9933333333333333,1018.2348993288591,0.006666666666666667,0.47651006711409394,44.41610738255034,0.14568245053167286,0.28130249307543703,7.5,150
Proposal Pipeline Effects-proposal_temp_check_fraction=0_proposal_fast_track_min_steps=0-run-016,proposal_temp_check_fraction=0_proposal_fast_track_min_steps=0,520,3278,0.5561224489795918,0.9797979797979798,1038.6734693877552,0.010101010101010102,0.44387755102040816,43.63265306122449,0.14177530349547102,0.2845397826268185,9.9,198
Proposal Pipeline Effects-proposal_temp_check_fraction=0_proposal_fast_track_min_steps=0-run-014,proposal_temp_check_fraction=0_proposal_fast_track_min_steps=0,518,3371,0.5123152709359606,0.9950980392156863,959.0295566502463,0.004901960784313725,0.4876847290640394,43.26600985221675,0.14496218432441688,0.29066398208352157,10.2,204
Proposal Pipeline Effects-proposal_temp_check_fraction=0_proposal_fast_track_min_steps=0-run-015,proposal_temp_check_fraction=0_proposal_fast_track_min_steps=0,519,3293,0.5052083333333334,0.9897959183673469,1069.78125,0.02040816326530612,0.4947916666666667,45.614583333333336,0.149153513359448,0.31626798520209715,9.8,196
Proposal Pipeline Effects-proposal_temp_check_fraction=0_proposal_fast_track_min_steps=0-run-017,proposal_temp_check_fraction=0_proposal_fast_track_min_steps=0,521,3347,0.5781990521327014,0.9812206572769953,1027.7867298578199,0.009389671361502348,0.4218009478672986,44.677725118483416,0.14786210130288657,0.30811552142549575,10.65,213
Proposal Pipeline Effects-proposal_temp_check_fraction=0_proposal_fast_track_min_steps=0-run-018,proposal_temp_check_fraction=0_proposal_fast_track_min_steps=0,522,3352,0.5323383084577115,0.9801980198019802,1003.7611940298508,0.0049504950495049506,0.46766169154228854,41.4228855721393,0.13733913730291628,0.31657854528927554,10.100000000000001,202
Proposal Pipeline Effects-proposal_temp_check_fraction=0_proposal_fast_track_min_steps=0-run-019,proposal_temp_check_fraction=0_proposal_fast_track_min_steps=0,523,3382,0.5943396226415094,0.9764150943396226,1022.6084905660377,0,0.4056603773584906,43.10849056603774,0.14079296913644537,0.31288066261259,10.6,212
Proposal Pipeline Effects-proposal_temp_check_fraction=0_proposal_fast_track_min_steps=0-run-020,proposal_temp_check_fraction=0_proposal_fast_track_min_steps=0,524,3388,0.5373134328358209,0.9804878048780488,1051.129353233831,0.01951219512195122,0.4626865671641791,42.875621890547265,0.14445627745162898,0.3246045138195981,10.25,205
Proposal Pipeline Effects-proposal_temp_check_fraction=0_proposal_fast_track_min_steps=0-run-021,proposal_temp_check_fraction=0_proposal_fast_track_min_steps=0,525,3237,0.5706806282722513,1,938.0942408376964,0.025510204081632654,0.4293193717277487,43.795811518324605,0.13902959726234193,0.31219761117535866,9.8,196
Proposal Pipeline Effects-proposal_temp_check_fraction=0_proposal_fast_track_min_steps=0-run-022,proposal_temp_check_fraction=0_proposal_fast_track_min_steps=0,526,3485,0.5067264573991032,0.9777777777777777,1046.6008968609865,0.008888888888888889,0.49327354260089684,43.32286995515695,0.1378187365734446,0.3246563523395467,11.25,225
Proposal Pipeline Effects-proposal_temp_check_fraction=0_proposal_fast_track_min_steps=0-run-023,proposal_temp_check_fraction=0_proposal_fast_track_min_steps=0,527,3266,0.5463917525773195,0.9797979797979798,985.8917525773196,0.020202020202020204,0.4536082474226804,44.149484536082475,0.1525491018487078,0.3008763437822673,9.9,198
Proposal Pipeline Effects-proposal_temp_check_fraction=0_proposal_fast_track_min_steps=0-run-024,proposal_temp_check_fraction=0_proposal_fast_track_min_steps=0,528,3227,0.4948453608247423,0.9949238578680203,1039.8969072164948,0.015228426395939087,0.5051546391752577,45.27319587628866,0.14836150840901532,0.3032656602450026,9.85,197
Proposal Pipeline Effects-proposal_temp_check_fraction=0_proposal_fast_track_min_steps=0-run-025,proposal_temp_check_fraction=0_proposal_fast_track_min_steps=0,529,3444,0.4751131221719457,0.9823788546255506,1092.7963800904977,0.02643171806167401,0.5248868778280543,44.13574660633484,0.1402672727240306,0.3376896283861791,11.35,227
Proposal Pipeline Effects-proposal_temp_check_fraction=0_proposal_fast_track_min_steps=0-run-026,proposal_temp_check_fraction=0_proposal_fast_track_min_steps=0,530,3202,0.4915254237288136,0.9888268156424581,1005.6553672316384,0.0111731843575419,0.5084745762711864,43.54237288135593,0.14387346573348378,0.2937038421798123,8.95,179
Proposal Pipeline Effects-proposal_temp_check_fraction=0_proposal_fast_track_min_steps=0-run-028,proposal_temp_check_fraction=0_proposal_fast_track_min_steps=0,532,3266,0.5482233502538071,0.9804878048780488,956.263959390863,0.03902439024390244,0.4517766497461929,45.898477157360404,0.14397169266913834,0.30519650460844017,10.25,205
Proposal Pipeline Effects-proposal_temp_check_fraction=0_proposal_fast_track_min_steps=0-run-027,proposal_temp_check_fraction=0_proposal_fast_track_min_steps=0,531,3298,0.532967032967033,0.9946236559139785,1088.1923076923076,0.021505376344086023,0.46703296703296704,45.434065934065934,0.1465567131527136,0.2931739385796929,9.3,186
Proposal Pipeline Effects-proposal_temp_check_fraction=0_proposal_fast_track_min_steps=0-run-029,proposal_temp_check_fraction=0_proposal_fast_track_min_steps=0,533,3391,0.5128205128205128,0.9754901960784313,1029.6,0.04411764705882353,0.48717948717948717,44.04102564102564,0.12751195187373543,0.3160232365390176,10.2,204
Proposal Pipeline Effects-proposal_temp_check_fraction=0_proposal_fast_track_min_steps=0-run-030,proposal_temp_check_fraction=0_proposal_fast_track_min_steps=0,534,3351,0.5621890547263682,0.9901960784313726,1064.4776119402984,0.014705882352941176,0.43781094527363185,44.582089552238806,0.14839215218840937,0.2904428633902305,10.2,204
Proposal Pipeline Effects-proposal_temp_check_fraction=0_proposal_fast_track_min_steps=6-run-001,proposal_temp_check_fraction=0_proposal_fast_track_min_steps=6,535,3352,0.5102040816326531,0.99,990.3724489795918,0.02,0.4897959183673469,43.27040816326531,0.14373298297011156,0.30304974965580267,10,200
Proposal Pipeline Effects-proposal_temp_check_fraction=0_proposal_fast_track_min_steps=6-run-002,proposal_temp_check_fraction=0_proposal_fast_track_min_steps=6,536,3429,0.5754716981132075,0.9813953488372092,957.4905660377359,0.013953488372093023,0.42452830188679247,42.22641509433962,0.1327060102756656,0.30562892220063337,10.75,215
Proposal Pipeline Effects-proposal_temp_check_fraction=0_proposal_fast_track_min_steps=6-run-003,proposal_temp_check_fraction=0_proposal_fast_track_min_steps=6,537,3254,0.507537688442211,0.9757281553398058,971.9246231155779,0.03398058252427184,0.49246231155778897,42.74874371859296,0.12953180388415417,0.3143712478651319,10.299999999999999,206
Proposal Pipeline Effects-proposal_temp_check_fraction=0_proposal_fast_track_min_steps=6-run-005,proposal_temp_check_fraction=0_proposal_fast_track_min_steps=6,539,3038,0.4624277456647399,0.9829545454545454,1003.0693641618498,0.017045454545454544,0.5375722543352601,44.30635838150289,0.14440875425102556,0.26260397713846084,8.799999999999999,176
Proposal Pipeline Effects-proposal_temp_check_fraction=0_proposal_fast_track_min_steps=6-run-004,proposal_temp_check_fraction=0_proposal_fast_track_min_steps=6,538,3309,0.5567010309278351,0.9898477157360406,981.2216494845361,0.015228426395939087,0.44329896907216493,43.81443298969072,0.14679847305328309,0.3197368242956954,9.85,197
Proposal Pipeline Effects-proposal_temp_check_fraction=0_proposal_fast_track_min_steps=6-run-006,proposal_temp_check_fraction=0_proposal_fast_track_min_steps=6,540,3302,0.5959595959595959,0.9805825242718447,1040.6060606060605,0.038834951456310676,0.40404040404040403,45.717171717171716,0.15367278421661398,0.30913996245556896,10.299999999999999,206
Proposal Pipeline Effects-proposal_temp_check_fraction=0_proposal_fast_track_min_steps=6-run-007,proposal_temp_check_fraction=0_proposal_fast_track_min_steps=6,541,3455,0.5528846153846154,0.981042654028436,1012.4326923076923,0.014218009478672985,0.44711538461538464,43.99519230769231,0.14049998173238093,0.29925101375070384,10.549999999999999,211
Proposal Pipeline Effects-proposal_temp_check_fraction=0_proposal_fast_track_min_steps=6-run-010,proposal_temp_check_fraction=0_proposal_fast_track_min_steps=6,544,3420,0.5245901639344263,0.9790575916230366,1090.4590163934427,0.041884816753926704,0.47540983606557374,44.13661202185792,0.14447405600937144,0.31083897041081027,9.55,191
Proposal Pipeline Effects-proposal_temp_check_fraction=0_proposal_fast_track_min_steps=6-run-008,proposal_temp_check_fraction=0_proposal_fast_track_min_steps=6,542,3541,0.5566502463054187,0.975609756097561,1019.5221674876848,0.00975609756097561,0.4433497536945813,42.73891625615764,0.13798314574240542,0.3439959118699182,10.25,205
Proposal Pipeline Effects-proposal_temp_check_fraction=0_proposal_fast_track_min_steps=6-run-009,proposal_temp_check_fraction=0_proposal_fast_track_min_steps=6,543,3481,0.5606060606060606,0.9852216748768473,1006.530303030303,0.024630541871921183,0.4393939393939394,44.44444444444444,0.13961965435755447,0.3097440665371621,10.15,203
Proposal Pipeline Effects-proposal_temp_check_fraction=0_proposal_fast_track_min_steps=6-run-011,proposal_temp_check_fraction=0_proposal_fast_track_min_steps=6,545,3488,0.5685279187817259,0.9852216748768473,1055.9746192893401,0.029556650246305417,0.43147208121827413,45.4263959390863,0.14483559193433346,0.32226415598294417,10.15,203
Proposal Pipeline Effects-proposal_temp_check_fraction=0_proposal_fast_track_min_steps=6-run-012,proposal_temp_check_fraction=0_proposal_fast_track_min_steps=6,546,3580,0.5124378109452736,0.9758454106280193,1034.9402985074628,0.028985507246376812,0.48756218905472637,43.049751243781095,0.13870739439595808,0.3076053594151311,10.35,207
Proposal Pipeline Effects-proposal_temp_check_fraction=0_proposal_fast_track_min_steps=6-run-013,proposal_temp_check_fraction=0_proposal_fast_track_min_steps=6,547,3835,0.5381165919282511,0.9868995633187773,1036.5381165919282,0.026200873362445413,0.4618834080717489,43.82511210762332,0.14550034255229508,0.31644063894440494,11.450000000000001,229
Proposal Pipeline Effects-proposal_temp_check_fraction=0_proposal_fast_track_min_steps=6-run-014,proposal_temp_check_fraction=0_proposal_fast_track_min_steps=6,548,3780,0.4975845410628019,0.9767441860465116,1048.3236714975844,0.037209302325581395,0.5024154589371981,43.40096618357488,0.14514805706899395,0.30110264977511864,10.75,215
Proposal Pipeline Effects-proposal_temp_check_fraction=0_proposal_fast_track_min_steps=6-run-015,proposal_temp_check_fraction=0_proposal_fast_track_min_steps=6,549,3812,0.5283018867924528,0.9953488372093023,1006.2075471698113,0.013953488372093023,0.4716981132075472,43.14150943396226,0.13262194175203448,0.3017782816796955,10.75,215
Proposal Pipeline Effects-proposal_temp_check_fraction=0_proposal_fast_track_min_steps=6-run-016,proposal_temp_check_fraction=0_proposal_fast_track_min_steps=6,550,3558,0.5649717514124294,0.9888888888888889,1049.734463276836,0.016666666666666666,0.4350282485875706,42.96610169491525,0.13769462651469774,0.2921276168683055,9,180
Proposal Pipeline Effects-proposal_temp_check_fraction=0_proposal_fast_track_min_steps=6-run-018,proposal_temp_check_fraction=0_proposal_fast_track_min_steps=6,552,3779,0.5124378109452736,1,985.502487562189,0.009852216748768473,0.48756218905472637,44.71641791044776,0.14770832112976,0.28493303744999665,10.15,203
Proposal Pipeline Effects-proposal_temp_check_fraction=0_proposal_fast_track_min_steps=6-run-017,proposal_temp_check_fraction=0_proposal_fast_track_min_steps=6,551,3856,0.5170731707317073,1,1061.4048780487806,0.0330188679245283,0.48292682926829267,45.009756097560974,0.13737863720931995,0.27415381363342844,10.6,212
Proposal Pipeline Effects-proposal_temp_check_fraction=0_proposal_fast_track_min_steps=6-run-019,proposal_temp_check_fraction=0_proposal_fast_track_min_steps=6,553,3632,0.5714285714285714,0.966183574879227,1056.3793103448277,0.01932367149758454,0.42857142857142855,41.54187192118226,0.1410511333297804,0.3264414860497245,10.35,207
Proposal Pipeline Effects-proposal_temp_check_fraction=0_proposal_fast_track_min_steps=6-run-020,proposal_temp_check_fraction=0_proposal_fast_track_min_steps=6,554,3506,0.48325358851674644,0.971830985915493,976.5071770334928,0.018779342723004695,0.5167464114832536,42.36363636363637,0.13949204804530743,0.3003922964545794,10.65,213
Proposal Pipeline Effects-proposal_temp_check_fraction=0_proposal_fast_track_min_steps=6-run-022,proposal_temp_check_fraction=0_proposal_fast_track_min_steps=6,556,3570,0.5288461538461539,0.9906103286384976,1055.798076923077,0.023474178403755867,0.47115384615384615,43.93269230769231,0.14038271508253297,0.28352057417202736,10.65,213
Proposal Pipeline Effects-proposal_temp_check_fraction=0_proposal_fast_track_min_steps=6-run-021,proposal_temp_check_fraction=0_proposal_fast_track_min_steps=6,555,3571,0.4716981132075472,0.9817351598173516,1016.188679245283,0.0319634703196347,0.5283018867924528,43.59905660377358,0.1264650704305304,0.31909814708183226,10.95,219
Proposal Pipeline Effects-proposal_temp_check_fraction=0_proposal_fast_track_min_steps=6-run-023,proposal_temp_check_fraction=0_proposal_fast_track_min_steps=6,557,3634,0.5221674876847291,0.9855072463768116,1006.8916256157636,0.01932367149758454,0.47783251231527096,43.40394088669951,0.1400515826999521,0.32261817754351096,10.35,207
Proposal Pipeline Effects-proposal_temp_check_fraction=0_proposal_fast_track_min_steps=6-run-024,proposal_temp_check_fraction=0_proposal_fast_track_min_steps=6,558,3503,0.5198237885462555,0.9957081545064378,1125.3568281938326,0.02575107296137339,0.4801762114537445,42.99559471365639,0.13654327457630883,0.31260070932290235,11.65,233
Proposal Pipeline Effects-proposal_temp_check_fraction=0_proposal_fast_track_min_steps=6-run-025,proposal_temp_check_fraction=0_proposal_fast_track_min_steps=6,559,3448,0.531578947368421,0.9896907216494846,1005.8,0.020618556701030927,0.46842105263157896,43.17894736842105,0.13599775213078882,0.29783713537049933,9.700000000000001,194
Proposal Pipeline Effects-proposal_temp_check_fraction=0_proposal_fast_track_min_steps=6-run-026,proposal_temp_check_fraction=0_proposal_fast_track_min_steps=6,560,3463,0.5198019801980198,0.9855072463768116,956.8762376237623,0.024154589371980676,0.4801980198019802,44.95544554455446,0.14071922605568826,0.31206685739192686,10.35,207
Proposal Pipeline Effects-proposal_temp_check_fraction=0_proposal_fast_track_min_steps=6-run-027,proposal_temp_check_fraction=0_proposal_fast_track_min_steps=6,561,3149,0.5343915343915344,0.9698492462311558,981.0529100529101,0.05025125628140704,0.4656084656084656,44.41798941798942,0.14266108576953487,0.29480996899653533,9.950000000000001,199
Proposal Pipeline Effects-proposal_temp_check_fraction=0_proposal_fast_track_min_steps=6-run-028,proposal_temp_check_fraction=0_proposal_fast_track_min_steps=6,562,3336,0.5291479820627802,0.9824561403508771,1059.6188340807175,0.021929824561403508,0.47085201793721976,43.74887892376682,0.12985924444040467,0.3211793752409712,11.4,228
Proposal Pipeline Effects-proposal_temp_check_fraction=0_proposal_fast_track_min_steps=6-run-029,proposal_temp_check_fraction=0_proposal_fast_track_min_steps=6,563,3270,0.5434782608695652,0.979381443298969,1114.4945652173913,0.05154639175257732,0.45652173913043476,44.14673913043478,0.1262331729205648,0.326204933034991,9.700000000000001,194
Proposal Pipeline Effects-proposal_temp_check_fraction=0_proposal_fast_track_min_steps=6-run-030,proposal_temp_check_fraction=0_proposal_fast_track_min_steps=6,564,3464,0.5801886792452831,0.9905660377358491,1032.6698113207547,0,0.419811320754717,42.490566037735846,0.14157464392424057,0.3209593864865542,10.6,212
Proposal Pipeline Effects-proposal_temp_check_fraction=0_proposal_fast_track_min_steps=12-run-001,proposal_temp_check_fraction=0_proposal_fast_track_min_steps=12,565,3274,0.5614035087719298,0.9771428571428571,1081.280701754386,0.022857142857142857,0.43859649122807015,45.099415204678365,0.143031974492476,0.32649464881883167,8.75,175
Proposal Pipeline Effects-proposal_temp_check_fraction=0_proposal_fast_track_min_steps=12-run-002,proposal_temp_check_fraction=0_proposal_fast_track_min_steps=12,566,3353,0.5538461538461539,0.96,966.1179487179487,0.025,0.4461538461538462,42.87179487179487,0.13110364376774558,0.34660773568208236,10,200
Proposal Pipeline Effects-proposal_temp_check_fraction=0_proposal_fast_track_min_steps=12-run-003,proposal_temp_check_fraction=0_proposal_fast_track_min_steps=12,567,3443,0.525,1,1014.38,0.033816425120772944,0.475,43.79,0.13410419388788233,0.31271735194956013,10.35,207
Proposal Pipeline Effects-proposal_temp_check_fraction=0_proposal_fast_track_min_steps=12-run-004,proposal_temp_check_fraction=0_proposal_fast_track_min_steps=12,568,3612,0.5686274509803921,0.9711538461538461,1027.7156862745098,0.019230769230769232,0.43137254901960786,42.431372549019606,0.13912903944696742,0.32176150206183146,10.4,208
Proposal Pipeline Effects-proposal_temp_check_fraction=0_proposal_fast_track_min_steps=12-run-005,proposal_temp_check_fraction=0_proposal_fast_track_min_steps=12,569,3514,0.5073170731707317,0.9715639810426541,1027.1317073170733,0.02843601895734597,0.4926829268292683,44.12682926829268,0.1474481437508928,0.29150862640166847,10.549999999999999,211
Proposal Pipeline Effects-proposal_temp_check_fraction=0_proposal_fast_track_min_steps=12-run-006,proposal_temp_check_fraction=0_proposal_fast_track_min_steps=12,570,3602,0.5714285714285714,0.9598214285714286,1035.857142857143,0.03125,0.42857142857142855,42.71889400921659,0.13255307770305977,0.310840192499795,11.200000000000001,224
Proposal Pipeline Effects-proposal_temp_check_fraction=0_proposal_fast_track_min_steps=12-run-007,proposal_temp_check_fraction=0_proposal_fast_track_min_steps=12,571,3632,0.5592417061611374,0.9631336405529954,981.4170616113744,0.027649769585253458,0.44075829383886256,42.464454976303315,0.1320118090053604,0.32066781230485214,10.85,217
Proposal Pipeline Effects-proposal_temp_check_fraction=0_proposal_fast_track_min_steps=12-run-008,proposal_temp_check_fraction=0_proposal_fast_track_min_steps=12,572,3626,0.4788732394366197,0.9681818181818181,993.7464788732394,0.031818181818181815,0.5211267605633803,43.18779342723005,0.136060383654091,0.31954675013040673,11,220
Proposal Pipeline Effects-proposal_temp_check_fraction=0_proposal_fast_track_min_steps=12-run-009,proposal_temp_check_fraction=0_proposal_fast_track_min_steps=12,573,3479,0.5161290322580645,1,969.0913978494624,0.03125,0.4838709677419355,44.11827956989247,0.1369846682675712,0.3109177754415795,9.6,192
Proposal Pipeline Effects-proposal_temp_check_fraction=0_proposal_fast_track_min_steps=12-run-010,proposal_temp_check_fraction=0_proposal_fast_track_min_steps=12,574,3568,0.518324607329843,0.9845360824742269,1040.455497382199,0.015463917525773196,0.4816753926701571,44.59162303664922,0.13611537768378792,0.2998046987598711,9.700000000000001,194
Proposal Pipeline Effects-proposal_temp_check_fraction=0_proposal_fast_track_min_steps=12-run-011,proposal_temp_check_fraction=0_proposal_fast_track_min_steps=12,575,3646,0.4900990099009901,0.9805825242718447,937.1831683168317,0.019417475728155338,0.5099009900990099,43.42079207920792,0.13447025026300732,0.3085187790042718,10.299999999999999,206
Proposal Pipeline Effects-proposal_temp_check_fraction=0_proposal_fast_track_min_steps=12-run-012,proposal_temp_check_fraction=0_proposal_fast_track_min_steps=12,576,3757,0.5471698113207547,0.986046511627907,951.4245283018868,0.013953488372093023,0.4528301886792453,42.382075471698116,0.13463552420107042,0.30713152774997765,10.75,215
Proposal Pipeline Effects-proposal_temp_check_fraction=0_proposal_fast_track_min_steps=12-run-013,proposal_temp_check_fraction=0_proposal_fast_track_min_steps=12,577,3625,0.48847926267281105,0.9909502262443439,1035.4285714285713,0.01809954751131222,0.511520737327189,44.48847926267281,0.1415639070975423,0.270019418581293,11.05,221
Proposal Pipeline Effects-proposal_temp_check_fraction=0_proposal_fast_track_min_steps=12-run-014,proposal_temp_check_fraction=0_proposal_fast_track_min_steps=12,578,3550,0.5252525252525253,0.970873786407767,956.3131313131313,0.038834951456310676,0.47474747474747475,44.156565656565654,0.1304611767742215,0.3082499232160324,10.299999999999999,206
Proposal Pipeline Effects-proposal_temp_check_fraction=0_proposal_fast_track_min_steps=12-run-015,proposal_temp_check_fraction=0_proposal_fast_track_min_steps=12,579,5196,0.5022421524663677,0.9866666666666667,1011.3363228699552,0.008888888888888889,0.4977578475336323,43.26008968609865,0.14537300206946482,0.30422137624908835,11.25,225
Proposal Pipeline Effects-proposal_temp_check_fraction=0_proposal_fast_track_min_steps=12-run-016,proposal_temp_check_fraction=0_proposal_fast_track_min_steps=12,580,5536,0.5326633165829145,0.985,1007.6281407035176,0.005,0.46733668341708545,43.01005025125628,0.13741065869501481,0.3119841312935046,10,200
Proposal Pipeline Effects-proposal_temp_check_fraction=0_proposal_fast_track_min_steps=12-run-017,proposal_temp_check_fraction=0_proposal_fast_track_min_steps=12,581,8333,0.5374449339207048,0.9871794871794872,990.2114537444934,0.029914529914529916,0.46255506607929514,43.53303964757709,0.13384495823454884,0.28816851011291555,11.700000000000001,234
Proposal Pipeline Effects-proposal_temp_check_fraction=0_proposal_fast_track_min_steps=12-run-018,proposal_temp_check_fraction=0_proposal_fast_track_min_steps=12,582,8783,0.539906103286385,0.9772727272727273,1034.643192488263,0.031818181818181815,0.460093896713615,44.23474178403756,0.140399571169958,0.3073965258013755,11,220
Proposal Pipeline Effects-proposal_temp_check_fraction=0_proposal_fast_track_min_steps=12-run-019,proposal_temp_check_fraction=0_proposal_fast_track_min_steps=12,583,9032,0.6074766355140186,0.9861751152073732,942.7757009345794,0.013824884792626729,0.3925233644859813,43.88785046728972,0.145005720280043,0.3484824177721113,10.85,217
Proposal Pipeline Effects-proposal_temp_check_fraction=0_proposal_fast_track_min_steps=12-run-020,proposal_temp_check_fraction=0_proposal_fast_track_min_steps=12,584,8996,0.5879396984924623,0.966183574879227,1001.643216080402,0.03864734299516908,0.4120603015075377,42.33165829145729,0.13052669028709377,0.3124007709956371,10.35,207
Proposal Pipeline Effects-proposal_temp_check_fraction=0_proposal_fast_track_min_steps=12-run-021,proposal_temp_check_fraction=0_proposal_fast_track_min_steps=12,585,8358,0.5555555555555556,0.9897959183673469,1031.4285714285713,0.03571428571428571,0.4444444444444444,43.714285714285715,0.13427060895028967,0.30216013079030674,9.8,196
Proposal Pipeline Effects-proposal_temp_check_fraction=0_proposal_fast_track_min_steps=12-run-022,proposal_temp_check_fraction=0_proposal_fast_track_min_steps=12,586,8414,0.5567010309278351,0.9744897959183674,1007.6855670103092,0.01020408163265306,0.44329896907216493,43.76288659793814,0.14474856774982803,0.29110433146561826,9.8,196
Proposal Pipeline Effects-proposal_temp_check_fraction=0_proposal_fast_track_min_steps=12-run-023,proposal_temp_check_fraction=0_proposal_fast_track_min_steps=12,587,8637,0.521505376344086,0.9585492227979274,1053.725806451613,0.03626943005181347,0.478494623655914,43.73118279569893,0.13625276654532825,0.3313496308554025,9.65,193
Proposal Pipeline Effects-proposal_temp_check_fraction=0_proposal_fast_track_min_steps=12-run-024,proposal_temp_check_fraction=0_proposal_fast_track_min_steps=12,588,8983,0.5853658536585366,0.9857142857142858,1044.2146341463415,0.023809523809523808,0.4146341463414634,43.33658536585366,0.13854035749038246,0.3283645990230953,10.5,210
Proposal Pipeline Effects-proposal_temp_check_fraction=0_proposal_fast_track_min_steps=12-run-025,proposal_temp_check_fraction=0_proposal_fast_track_min_steps=12,589,8080,0.5738636363636364,0.9776536312849162,1010.6988636363636,0.01675977653631285,0.42613636363636365,44.5625,0.1336307397994013,0.30425484448343715,8.95,179
Proposal Pipeline Effects-proposal_temp_check_fraction=0_proposal_fast_track_min_steps=12-run-026,proposal_temp_check_fraction=0_proposal_fast_track_min_steps=12,590,7863,0.4473684210526316,0.9641025641025641,1054.278947368421,0.02564102564102564,0.5526315789473685,44.99473684210526,0.13654581590410012,0.29127415143344326,9.75,195
Proposal Pipeline Effects-proposal_temp_check_fraction=0_proposal_fast_track_min_steps=12-run-027,proposal_temp_check_fraction=0_proposal_fast_track_min_steps=12,591,6211,0.5126903553299492,0.97,982.269035532995,0.015,0.4873096446700508,42.401015228426395,0.13521056462518374,0.29043715625672706,10,200
Proposal Pipeline Effects-proposal_temp_check_fraction=0_proposal_fast_track_min_steps=12-run-028,proposal_temp_check_fraction=0_proposal_fast_track_min_steps=12,592,5673,0.5601659751037344,0.975609756097561,1031.2448132780082,0.02032520325203252,0.43983402489626555,42.92946058091286,0.13935341110477553,0.32436546107424324,12.3,246
Proposal Pipeline Effects-proposal_temp_check_fraction=0_proposal_fast_track_min_steps=12-run-029,proposal_temp_check_fraction=0_proposal_fast_track_min_steps=12,593,3479,0.5364583333333334,0.9897435897435898,1105.4479166666667,0.015384615384615385,0.4635416666666667,44.567708333333336,0.14758692239260715,0.31777089922023605,9.75,195
Proposal Pipeline Effects-proposal_temp_check_fraction=0_proposal_fast_track_min_steps=12-run-030,proposal_temp_check_fraction=0_proposal_fast_track_min_steps=12,594,3324,0.5402843601895735,0.9858490566037735,1039.0284360189573,0.0047169811320754715,0.4597156398104265,43.18009478672986,0.1357884671906564,0.30634899055460185,10.6,212
Proposal Pipeline Effects-proposal_temp_check_fraction=0_25_proposal_fast_track_min_steps=0-run-001,proposal_temp_check_fraction=0.25_proposal_fast_track_min_steps=0,595,3255,0.009259259259259259,0.26905829596412556,994.4768518518518,0.03139013452914798,0.9907407407407407,20.37037037037037,0.07705183440602752,0.5233606008606441,11.15,223
Proposal Pipeline Effects-proposal_temp_check_fraction=0_25_proposal_fast_track_min_steps=0-run-002,proposal_temp_check_fraction=0.25_proposal_fast_track_min_steps=0,596,3133,0.0297029702970297,0.23529411764705882,964.2821782178218,0.00980392156862745,0.9702970297029703,14.96039603960396,0.062010466161511645,0.5994302551450513,10.2,204
Proposal Pipeline Effects-proposal_temp_check_fraction=0_25_proposal_fast_track_min_steps=0-run-003,proposal_temp_check_fraction=0.25_proposal_fast_track_min_steps=0,597,3034,0.024390243902439025,0.2619047619047619,989.6682926829268,0.023809523809523808,0.975609756097561,18.917073170731708,0.07390929374903325,0.5774241301578521,10.5,210
Proposal Pipeline Effects-proposal_temp_check_fraction=0_25_proposal_fast_track_min_steps=0-run-004,proposal_temp_check_fraction=0.25_proposal_fast_track_min_steps=0,598,3006,0.020942408376963352,0.29591836734693877,1060.068062827225,0.025510204081632654,0.9790575916230366,22.3717277486911,0.08083901319540296,0.5679096980316791,9.8,196
Proposal Pipeline Effects-proposal_temp_check_fraction=0_25_proposal_fast_track_min_steps=0-run-005,proposal_temp_check_fraction=0.25_proposal_fast_track_min_steps=0,599,3152,0.019417475728155338,0.24644549763033174,1012.6116504854369,0.023696682464454975,0.9805825242718447,18.276699029126213,0.068255417291853,0.5073865456536019,10.549999999999999,211
Proposal Pipeline Effects-proposal_temp_check_fraction=0_25_proposal_fast_track_min_steps=0-run-006,proposal_temp_check_fraction=0.25_proposal_fast_track_min_steps=0,600,3239,0.01809954751131222,0.2168141592920354,1044.8733031674208,0.022123893805309734,0.9819004524886877,14.972850678733032,0.05828644557483024,0.5784737118370225,11.3,226
Proposal Pipeline Effects-proposal_temp_check_fraction=0_25_proposal_fast_track_min_steps=0-run-007,proposal_temp_check_fraction=0.25_proposal_fast_track_min_steps=0,601,3123,0.04020100502512563,0.2815533980582524,1025.572864321608,0.03398058252427184,0.9597989949748744,18.693467336683415,0.0734722935979357,0.5104012136291173,10.299999999999999,206
Proposal Pipeline Effects-proposal_temp_check_fraction=0_25_proposal_fast_track_min_steps=0-run-008,proposal_temp_check_fraction=0.25_proposal_fast_track_min_steps=0,602,3123,0.014925373134328358,0.22439024390243903,1093.2388059701493,0.01951219512195122,0.9850746268656716,16.388059701492537,0.06211884742268311,0.5129063489904069,10.25,205
Proposal Pipeline Effects-proposal_temp_check_fraction=0_25_proposal_fast_track_min_steps=0-run-009,proposal_temp_check_fraction=0.25_proposal_fast_track_min_steps=0,603,3132,0.010582010582010581,0.2631578947368421,1008.9470899470899,0.005263157894736842,0.9894179894179894,17.84656084656085,0.07322295856721288,0.4940417740637111,9.5,190
Proposal Pipeline Effects-proposal_temp_check_fraction=0_25_proposal_fast_track_min_steps=0-run-010,proposal_temp_check_fraction=0.25_proposal_fast_track_min_steps=0,604,3592,0.01702127659574468,0.26141078838174275,1037.2297872340425,0.024896265560165973,0.9829787234042553,18.906382978723403,0.06646730719972568,0.5695181063993243,12.049999999999999,241
Proposal Pipeline Effects-proposal_temp_check_fraction=0_25_proposal_fast_track_min_steps=0-run-011,proposal_temp_check_fraction=0.25_proposal_fast_track_min_steps=0,605,3187,0.02702702702702703,0.2578947368421053,1076.9621621621623,0.02631578947368421,0.972972972972973,17.713513513513515,0.06900371374919602,0.5552362031704305,9.5,190
Proposal Pipeline Effects-proposal_temp_check_fraction=0_25_proposal_fast_track_min_steps=0-run-012,proposal_temp_check_fraction=0.25_proposal_fast_track_min_steps=0,606,3313,0.041666666666666664,0.29411764705882354,1059.2453703703704,0.02262443438914027,0.9583333333333334,21.435185185185187,0.07395570348427938,0.5312637154602589,11.05,221
Proposal Pipeline Effects-proposal_temp_check_fraction=0_25_proposal_fast_track_min_steps=0-run-013,proposal_temp_check_fraction=0.25_proposal_fast_track_min_steps=0,607,3316,0.019704433497536946,0.2403846153846154,985.9113300492611,0.02403846153846154,0.9802955665024631,19.1871921182266,0.06655663199182907,0.5279791462216994,10.4,208
Proposal Pipeline Effects-proposal_temp_check_fraction=0_25_proposal_fast_track_min_steps=0-run-014,proposal_temp_check_fraction=0.25_proposal_fast_track_min_steps=0,608,3311,0.013888888888888888,0.27149321266968324,1040.0787037037037,0.02262443438914027,0.9861111111111112,19.90277777777778,0.07222669319161755,0.5582518030460122,11.05,221
Proposal Pipeline Effects-proposal_temp_check_fraction=0_25_proposal_fast_track_min_steps=0-run-015,proposal_temp_check_fraction=0.25_proposal_fast_track_min_steps=0,609,3389,0.008888888888888889,0.25877192982456143,1009.3777777777777,0.013157894736842105,0.9911111111111112,19.04,0.0739419410569696,0.5536028581256806,11.4,228
Proposal Pipeline Effects-proposal_temp_check_fraction=0_25_proposal_fast_track_min_steps=0-run-016,proposal_temp_check_fraction=0.25_proposal_fast_track_min_steps=0,610,3202,0.02512562814070352,0.2512315270935961,993.3366834170854,0.019704433497536946,0.9748743718592965,18.331658291457288,0.0664681059899084,0.5315719553418594,10.15,203
Proposal Pipeline Effects-proposal_temp_check_fraction=0_25_proposal_fast_track_min_steps=0-run-017,proposal_temp_check_fraction=0.25_proposal_fast_track_min_steps=0,611,3126,0.0273224043715847,0.2608695652173913,993.3060109289618,0.005434782608695652,0.9726775956284153,22.07103825136612,0.07511557288687089,0.4977799245990712,9.2,184
Proposal Pipeline Effects-proposal_temp_check_fraction=0_25_proposal_fast_track_min_steps=0-run-018,proposal_temp_check_fraction=0.25_proposal_fast_track_min_steps=0,612,3108,0,0.24736842105263157,991.054347826087,0.031578947368421054,1,18.39673913043478,0.06693490242990037,0.5367003536004118,9.5,190
Proposal Pipeline Effects-proposal_temp_check_fraction=0_25_proposal_fast_track_min_steps=0-run-019,proposal_temp_check_fraction=0.25_proposal_fast_track_min_steps=0,613,3153,0.0392156862745098,0.2995169082125604,993.7549019607843,0.014492753623188406,0.9607843137254902,19.08823529411765,0.07387442808008277,0.5419632582281925,10.35,207
Proposal Pipeline Effects-proposal_temp_check_fraction=0_25_proposal_fast_track_min_steps=0-run-020,proposal_temp_check_fraction=0.25_proposal_fast_track_min_steps=0,614,3097,0.021052631578947368,0.21761658031088082,1082.8157894736842,0.015544041450777202,0.9789473684210527,14.257894736842106,0.05805355307668073,0.5684852794422347,9.65,193
Proposal Pipeline Effects-proposal_temp_check_fraction=0_25_proposal_fast_track_min_steps=0-run-021,proposal_temp_check_fraction=0.25_proposal_fast_track_min_steps=0,615,3261,0.015,0.1971153846153846,1008.055,0.038461538461538464,0.985,14.595,0.05518702527527076,0.545342829940936,10.4,208
Proposal Pipeline Effects-proposal_temp_check_fraction=0_25_proposal_fast_track_min_steps=0-run-022,proposal_temp_check_fraction=0.25_proposal_fast_track_min_steps=0,616,3162,0.0223463687150838,0.24861878453038674,1070.9050279329608,0.011049723756906077,0.9776536312849162,17.877094972067038,0.06935004266595339,0.5640712936144591,9.049999999999999,181
Proposal Pipeline Effects-proposal_temp_check_fraction=0_25_proposal_fast_track_min_steps=0-run-023,proposal_temp_check_fraction=0.25_proposal_fast_track_min_steps=0,617,3304,0.018779342723004695,0.25675675675675674,1021.1408450704225,0.04054054054054054,0.9812206572769953,17.92488262910798,0.07010451110568469,0.5122154926403399,11.1,222
Proposal Pipeline Effects-proposal_temp_check_fraction=0_25_proposal_fast_track_min_steps=0-run-024,proposal_temp_check_fraction=0.25_proposal_fast_track_min_steps=0,618,3074,0.05025125628140704,0.28640776699029125,1003.1708542713568,0.03398058252427184,0.949748743718593,19.28643216080402,0.07182301451044167,0.5261718058806892,10.299999999999999,206
Proposal Pipeline Effects-proposal_temp_check_fraction=0_25_proposal_fast_track_min_steps=0-run-025,proposal_temp_check_fraction=0.25_proposal_fast_track_min_steps=0,619,3145,0.03954802259887006,0.22346368715083798,963.7966101694915,0.0111731843575419,0.96045197740113,13.576271186440678,0.053481464719320825,0.5701040755516749,8.95,179
Proposal Pipeline Effects-proposal_temp_check_fraction=0_25_proposal_fast_track_min_steps=0-run-026,proposal_temp_check_fraction=0.25_proposal_fast_track_min_steps=0,620,3269,0.024390243902439025,0.2692307692307692,1086.4878048780488,0.014423076923076924,0.975609756097561,20.770731707317072,0.0760029279482325,0.55547616749525,10.4,208
Proposal Pipeline Effects-proposal_temp_check_fraction=0_25_proposal_fast_track_min_steps=0-run-027,proposal_temp_check_fraction=0.25_proposal_fast_track_min_steps=0,621,3193,0.025906735751295335,0.23076923076923078,1036.9844559585492,0.010256410256410256,0.9740932642487047,17.7720207253886,0.06745016025831388,0.5394514866442394,9.75,195
Proposal Pipeline Effects-proposal_temp_check_fraction=0_25_proposal_fast_track_min_steps=0-run-028,proposal_temp_check_fraction=0.25_proposal_fast_track_min_steps=0,622,3155,0.024630541871921183,0.3463414634146341,1048.2216748768474,0.00975609756097561,0.9753694581280788,22.866995073891626,0.0882668551401059,0.4832670752848756,10.25,205
Proposal Pipeline Effects-proposal_temp_check_fraction=0_25_proposal_fast_track_min_steps=0-run-029,proposal_temp_check_fraction=0.25_proposal_fast_track_min_steps=0,623,3279,0.046948356807511735,0.27927927927927926,979.8638497652582,0.04054054054054054,0.9530516431924883,17.328638497652584,0.06459468035829309,0.5528922119614182,11.1,222
Proposal Pipeline Effects-proposal_temp_check_fraction=0_25_proposal_fast_track_min_steps=0-run-030,proposal_temp_check_fraction=0.25_proposal_fast_track_min_steps=0,624,3048,0.022727272727272728,0.22950819672131148,960.1931818181819,0.03825136612021858,0.9772727272727273,16.522727272727273,0.060834623930701416,0.565304204077141,9.15,183
Proposal Pipeline Effects-proposal_temp_check_fraction=0_25_proposal_fast_track_min_steps=6-run-002,proposal_temp_check_fraction=0.25_proposal_fast_track_min_steps=6,626,3135,0.14795918367346939,0.42786069651741293,1052.3316326530612,0.024875621890547265,0.8520408163265306,25.260204081632654,0.09503651307745996,0.4724891508393408,10.05,201
Proposal Pipeline Effects-proposal_temp_check_fraction=0_25_proposal_fast_track_min_steps=6-run-001,proposal_temp_check_fraction=0.25_proposal_fast_track_min_steps=6,625,3315,0.211340206185567,0.4393939393939394,1192.3092783505156,0.020202020202020204,0.788659793814433,22.29381443298969,0.08246625182435262,0.51794801981438,9.9,198
Proposal Pipeline Effects-proposal_temp_check_fraction=0_25_proposal_fast_track_min_steps=6-run-003,proposal_temp_check_fraction=0.25_proposal_fast_track_min_steps=6,627,3307,0.16355140186915887,0.44036697247706424,1055.728971962617,0.01834862385321101,0.8364485981308412,24.2803738317757,0.09061026432069413,0.5167529345608329,10.9,218
Proposal Pipeline Effects-proposal_temp_check_fraction=0_25_proposal_fast_track_min_steps=6-run-004,proposal_temp_check_fraction=0.25_proposal_fast_track_min_steps=6,628,3373,0.14427860696517414,0.39603960396039606,1071.915422885572,0.0049504950495049506,0.8557213930348259,20.915422885572138,0.07822170946917303,0.5061323205504691,10.100000000000001,202
Proposal Pipeline Effects-proposal_temp_check_fraction=0_25_proposal_fast_track_min_steps=6-run-006,proposal_temp_check_fraction=0.25_proposal_fast_track_min_steps=6,630,3123,0.15706806282722513,0.39896373056994816,994.1675392670157,0.010362694300518135,0.8429319371727748,24.649214659685864,0.09002671276569033,0.45911032514343647,9.65,193
Proposal Pipeline Effects-proposal_temp_check_fraction=0_25_proposal_fast_track_min_steps=6-run-005,proposal_temp_check_fraction=0.25_proposal_fast_track_min_steps=6,629,3203,0.24352331606217617,0.4717948717948718,970.8341968911917,0.010256410256410256,0.7564766839378239,22.409326424870468,0.08102064702135073,0.514029521946122,9.75,195
Proposal Pipeline Effects-proposal_temp_check_fraction=0_25_proposal_fast_track_min_steps=6-run-007,proposal_temp_check_fraction=0.25_proposal_fast_track_min_steps=6,631,3118,0.0898876404494382,0.3423913043478261,1012,0.03260869565217391,0.9101123595505618,20.814606741573034,0.07293904689693449,0.5483630389932119,9.2,184
Proposal Pipeline Effects-proposal_temp_check_fraction=0_25_proposal_fast_track_min_steps=6-run-008,proposal_temp_check_fraction=0.25_proposal_fast_track_min_steps=6,632,3254,0.1164021164021164,0.38144329896907214,1045.005291005291,0.02577319587628866,0.8835978835978836,24.56084656084656,0.08292006021454698,0.5283202772322739,9.700000000000001,194
Proposal Pipeline Effects-proposal_temp_check_fraction=0_25_proposal_fast_track_min_steps=6-run-009,proposal_temp_check_fraction=0.25_proposal_fast_track_min_steps=6,633,3237,0.15706806282722513,0.36082474226804123,1035.9528795811518,0.015463917525773196,0.8429319371727748,18.910994764397905,0.07139096706249419,0.5516925569262415,9.700000000000001,194
Proposal Pipeline Effects-proposal_temp_check_fraction=0_25_proposal_fast_track_min_steps=6-run-010,proposal_temp_check_fraction=0.25_proposal_fast_track_min_steps=6,634,3288,0.17733990147783252,0.3853658536585366,1025.9162561576354,0.00975609756097561,0.8226600985221675,21.54679802955665,0.08409253650108567,0.48364430467095587,10.25,205
Proposal Pipeline Effects-proposal_temp_check_fraction=0_25_proposal_fast_track_min_steps=6-run-011,proposal_temp_check_fraction=0.25_proposal_fast_track_min_steps=6,635,3338,0.12796208530805686,0.44036697247706424,982.3696682464455,0.03211009174311927,0.8720379146919431,28.033175355450236,0.10214587168158724,0.45451565865514,10.9,218
Proposal Pipeline Effects-proposal_temp_check_fraction=0_25_proposal_fast_track_min_steps=6-run-012,proposal_temp_check_fraction=0.25_proposal_fast_track_min_steps=6,636,3213,0.14444444444444443,0.45604395604395603,1073.7388888888888,0.01098901098901099,0.8555555555555555,27.38888888888889,0.0971820827467013,0.4848971255500336,9.1,182
Proposal Pipeline Effects-proposal_temp_check_fraction=0_25_proposal_fast_track_min_steps=6-run-013,proposal_temp_check_fraction=0.25_proposal_fast_track_min_steps=6,637,3411,0.15566037735849056,0.4511627906976744,984.3679245283018,0.013953488372093023,0.8443396226415094,25.169811320754718,0.09590513444197614,0.4512789815534499,10.75,215
Proposal Pipeline Effects-proposal_temp_check_fraction=0_25_proposal_fast_track_min_steps=6-run-014,proposal_temp_check_fraction=0.25_proposal_fast_track_min_steps=6,638,3366,0.12041884816753927,0.3247422680412371,1044.4921465968587,0.015463917525773196,0.8795811518324608,18.717277486910994,0.06693226143479933,0.5620831650233692,9.700000000000001,194
Proposal Pipeline Effects-proposal_temp_check_fraction=0_25_proposal_fast_track_min_steps=6-run-015,proposal_temp_check_fraction=0.25_proposal_fast_track_min_steps=6,639,3656,0.215962441314554,0.4541284403669725,1081.4319248826291,0.022935779816513763,0.784037558685446,25.04225352112676,0.09480492544349502,0.49055573012098924,10.9,218
Proposal Pipeline Effects-proposal_temp_check_fraction=0_25_proposal_fast_track_min_steps=6-run-016,proposal_temp_check_fraction=0.25_proposal_fast_track_min_steps=6,640,3222,0.16666666666666666,0.41304347826086957,974.5277777777778,0.021739130434782608,0.8333333333333334,23.855555555555554,0.08800062951557021,0.4978303024059393,9.2,184
Proposal Pipeline Effects-proposal_temp_check_fraction=0_25_proposal_fast_track_min_steps=6-run-018,proposal_temp_check_fraction=0.25_proposal_fast_track_min_steps=6,642,3136,0.1111111111111111,0.3930635838150289,1025.4327485380118,0.011560693641618497,0.8888888888888888,25.47953216374269,0.09211919811544245,0.49658982171882926,8.649999999999999,173
Proposal Pipeline Effects-proposal_temp_check_fraction=0_25_proposal_fast_track_min_steps=6-run-017,proposal_temp_check_fraction=0.25_proposal_fast_track_min_steps=6,641,3483,0.1792452830188679,0.39814814814814814,1001.6509433962265,0.018518518518518517,0.8207547169811321,19.556603773584907,0.07546397126340905,0.5462041242006361,10.8,216
Proposal Pipeline Effects-proposal_temp_check_fraction=0_25_proposal_fast_track_min_steps=6-run-019,proposal_temp_check_fraction=0.25_proposal_fast_track_min_steps=6,643,3550,0.0784313725490196,0.3033175355450237,1014.8088235294117,0.03317535545023697,0.9215686274509803,22.475490196078432,0.07346315907097163,0.5134018544592501,10.549999999999999,211
Proposal Pipeline Effects-proposal_temp_check_fraction=0_25_proposal_fast_track_min_steps=6-run-020,proposal_temp_check_fraction=0.25_proposal_fast_track_min_steps=6,644,3527,0.12,0.37438423645320196,1016.525,0.014778325123152709,0.88,22.775,0.07899156092162489,0.5492583745042935,10.15,203
Proposal Pipeline Effects-proposal_temp_check_fraction=0_25_proposal_fast_track_min_steps=6-run-022,proposal_temp_check_fraction=0.25_proposal_fast_track_min_steps=6,646,3449,0.1319796954314721,0.36585365853658536,992.1116751269036,0.03902439024390244,0.868020304568528,21.34010152284264,0.07644563294510581,0.5242682904203746,10.25,205
Proposal Pipeline Effects-proposal_temp_check_fraction=0_25_proposal_fast_track_min_steps=6-run-021,proposal_temp_check_fraction=0.25_proposal_fast_track_min_steps=6,645,3597,0.06912442396313365,0.34684684684684686,1053.5483870967741,0.02252252252252252,0.9308755760368663,25.732718894009217,0.08518898023502294,0.5161816181179326,11.1,222
Proposal Pipeline Effects-proposal_temp_check_fraction=0_25_proposal_fast_track_min_steps=6-run-023,proposal_temp_check_fraction=0.25_proposal_fast_track_min_steps=6,647,3576,0.12105263157894737,0.34517766497461927,950.2842105263157,0.03553299492385787,0.8789473684210526,20.13157894736842,0.07384109219543301,0.5226306991655643,9.85,197
Proposal Pipeline Effects-proposal_temp_check_fraction=0_25_proposal_fast_track_min_steps=6-run-024,proposal_temp_check_fraction=0.25_proposal_fast_track_min_steps=6,648,3709,0.09009009009009009,0.3303964757709251,1009.5495495495495,0.022026431718061675,0.9099099099099099,21.71171171171171,0.07525339201693348,0.5380422709563447,11.35,227
Proposal Pipeline Effects-proposal_temp_check_fraction=0_25_proposal_fast_track_min_steps=6-run-025,proposal_temp_check_fraction=0.25_proposal_fast_track_min_steps=6,649,3565,0.21393034825870647,0.48058252427184467,1087.189054726368,0.024271844660194174,0.7860696517412935,25.238805970149254,0.09573515753119893,0.45035202875145564,10.299999999999999,206
Proposal Pipeline Effects-proposal_temp_check_fraction=0_25_proposal_fast_track_min_steps=6-run-026,proposal_temp_check_fraction=0.25_proposal_fast_track_min_steps=6,650,3508,0.12857142857142856,0.4339622641509434,1007.0571428571428,0.009433962264150943,0.8714285714285714,23.166666666666668,0.08534954836003374,0.4686222686362286,10.6,212
Proposal Pipeline Effects-proposal_temp_check_fraction=0_25_proposal_fast_track_min_steps=6-run-027,proposal_temp_check_fraction=0.25_proposal_fast_track_min_steps=6,651,3460,0.12972972972972974,0.3544973544973545,1068.5945945945946,0.021164021164021163,0.8702702702702703,19.875675675675677,0.07518003974797995,0.4888942252619149,9.45,189
Proposal Pipeline Effects-proposal_temp_check_fraction=0_25_proposal_fast_track_min_steps=6-run-028,proposal_temp_check_fraction=0.25_proposal_fast_track_min_steps=6,652,3315,0.13095238095238096,0.3735632183908046,1053.6785714285713,0.034482758620689655,0.8690476190476191,23.404761904761905,0.07671744569447066,0.5641359582721878,8.7,174
Proposal Pipeline Effects-proposal_temp_check_fraction=0_25_proposal_fast_track_min_steps=6-run-029,proposal_temp_check_fraction=0.25_proposal_fast_track_min_steps=6,653,3932,0.23333333333333334,0.46774193548387094,1105.9708333333333,0.03225806451612903,0.7666666666666667,25.504166666666666,0.09393393819556381,0.5012961337599059,12.4,248
Proposal Pipeline Effects-proposal_temp_check_fraction=0_25_proposal_fast_track_min_steps=6-run-030,proposal_temp_check_fraction=0.25_proposal_fast_track_min_steps=6,654,3721,0.18303571428571427,0.41333333333333333,960.6205357142857,0.0044444444444444444,0.8169642857142857,20.075892857142858,0.07907552039046441,0.5547885177998442,11.25,225
Proposal Pipeline Effects-proposal_temp_check_fraction=0_25_proposal_fast_track_min_steps=12-run-001,proposal_temp_check_fraction=0.25_proposal_fast_track_min_steps=12,655,3488,0.06349206349206349,0.25906735751295334,904.1322751322751,0.02072538860103627,0.9365079365079365,17.04232804232804,0.061497137851071866,0.5574555810416192,9.65,193
Proposal Pipeline Effects-proposal_temp_check_fraction=0_25_proposal_fast_track_min_steps=12-run-002,proposal_temp_check_fraction=0.25_proposal_fast_track_min_steps=12,656,3541,0.12234042553191489,0.35751295336787564,1076.1170212765958,0.025906735751295335,0.8776595744680851,19.904255319148938,0.07376101594080015,0.5049253741243428,9.65,193
Proposal Pipeline Effects-proposal_temp_check_fraction=0_25_proposal_fast_track_min_steps=12-run-003,proposal_temp_check_fraction=0.25_proposal_fast_track_min_steps=12,657,3416,0.08762886597938144,0.30303030303030304,981.6855670103092,0.020202020202020204,0.9123711340206185,17.984536082474225,0.0643855194951702,0.5443302053647595,9.9,198
Proposal Pipeline Effects-proposal_temp_check_fraction=0_25_proposal_fast_track_min_steps=12-run-004,proposal_temp_check_fraction=0.25_proposal_fast_track_min_steps=12,658,3434,0.0970873786407767,0.3157894736842105,973.742718446602,0.014354066985645933,0.9029126213592233,20.305825242718445,0.07487241963629203,0.571578350432948,10.45,209
Proposal Pipeline Effects-proposal_temp_check_fraction=0_25_proposal_fast_track_min_steps=12-run-005,proposal_temp_check_fraction=0.25_proposal_fast_track_min_steps=12,659,3309,0.10810810810810811,0.3617021276595745,1023.6972972972973,0.015957446808510637,0.8918918918918919,21.897297297297296,0.07813256271841847,0.47709668794602755,9.4,188
Proposal Pipeline Effects-proposal_temp_check_fraction=0_25_proposal_fast_track_min_steps=12-run-006,proposal_temp_check_fraction=0.25_proposal_fast_track_min_steps=12,660,3399,0.07575757575757576,0.25728155339805825,925.4444444444445,0.038834951456310676,0.9242424242424242,17.595959595959595,0.06024110885414364,0.5170772550774163,10.299999999999999,206
Proposal Pipeline Effects-proposal_temp_check_fraction=0_25_proposal_fast_track_min_steps=12-run-007,proposal_temp_check_fraction=0.25_proposal_fast_track_min_steps=12,661,3270,0.10052910052910052,0.3076923076923077,1117.6084656084656,0.03076923076923077,0.8994708994708994,16.608465608465607,0.06493038890460014,0.5768605171868999,9.75,195
Proposal Pipeline Effects-proposal_temp_check_fraction=0_25_proposal_fast_track_min_steps=12-run-008,proposal_temp_check_fraction=0.25_proposal_fast_track_min_steps=12,662,3310,0.14871794871794872,0.3613861386138614,1010.4666666666667,0.034653465346534656,0.8512820512820513,20.266666666666666,0.08019752940581848,0.5136101986918976,10.100000000000001,202
Proposal Pipeline Effects-proposal_temp_check_fraction=0_25_proposal_fast_track_min_steps=12-run-009,proposal_temp_check_fraction=0.25_proposal_fast_track_min_steps=12,663,3369,0.07614213197969544,0.375,1055.0507614213197,0.015,0.9238578680203046,25.121827411167512,0.0915605137535875,0.517304548644676,10,200
Proposal Pipeline Effects-proposal_temp_check_fraction=0_25_proposal_fast_track_min_steps=12-run-010,proposal_temp_check_fraction=0.25_proposal_fast_track_min_steps=12,664,3387,0.12365591397849462,0.38421052631578945,1103.5537634408602,0.021052631578947368,0.8763440860215054,21.172043010752688,0.07938226914900454,0.47604927345503156,9.5,190
Proposal Pipeline Effects-proposal_temp_check_fraction=0_25_proposal_fast_track_min_steps=12-run-011,proposal_temp_check_fraction=0.25_proposal_fast_track_min_steps=12,665,3427,0.06310679611650485,0.3018867924528302,1018.1893203883495,0.02830188679245283,0.9368932038834952,22.24271844660194,0.079935388325244,0.5103420455793066,10.6,212
Proposal Pipeline Effects-proposal_temp_check_fraction=0_25_proposal_fast_track_min_steps=12-run-012,proposal_temp_check_fraction=0.25_proposal_fast_track_min_steps=12,666,3372,0.04020100502512563,0.3054187192118227,1023.3316582914573,0.019704433497536946,0.9597989949748744,19.276381909547737,0.06786821230455266,0.5050678267651922,10.15,203
Proposal Pipeline Effects-proposal_temp_check_fraction=0_25_proposal_fast_track_min_steps=12-run-013,proposal_temp_check_fraction=0.25_proposal_fast_track_min_steps=12,667,3748,0.14732142857142858,0.3700440528634361,1048.6964285714287,0.013215859030837005,0.8526785714285714,22.049107142857142,0.08551740009096333,0.5038745226678147,11.35,227
Proposal Pipeline Effects-proposal_temp_check_fraction=0_25_proposal_fast_track_min_steps=12-run-014,proposal_temp_check_fraction=0.25_proposal_fast_track_min_steps=12,668,3273,0.07344632768361582,0.3812154696132597,985.7344632768362,0.022099447513812154,0.9265536723163842,24.587570621468927,0.08796507750251496,0.4924592456444539,9.049999999999999,181
Proposal Pipeline Effects-proposal_temp_check_fraction=0_25_proposal_fast_track_min_steps=12-run-016,proposal_temp_check_fraction=0.25_proposal_fast_track_min_steps=12,670,3351,0.11363636363636363,0.3463687150837989,1013.2443181818181,0.01675977653631285,0.8863636363636364,20.897727272727273,0.07527075812814074,0.4914527018271173,8.95,179
Proposal Pipeline Effects-proposal_temp_check_fraction=0_25_proposal_fast_track_min_steps=12-run-015,proposal_temp_check_fraction=0.25_proposal_fast_track_min_steps=12,669,3525,0.06132075471698113,0.3153153153153153,981.2264150943396,0.04504504504504504,0.9386792452830188,22.25,0.07543596999010786,0.5370878325510207,11.1,222
Proposal Pipeline Effects-proposal_temp_check_fraction=0_25_proposal_fast_track_min_steps=12-run-017,proposal_temp_check_fraction=0.25_proposal_fast_track_min_steps=12,671,3506,0.1111111111111111,0.33689839572192515,1060.6277777777777,0.0374331550802139,0.8888888888888888,19.894444444444446,0.07870563403198494,0.5167196617104961,9.35,187
Proposal Pipeline Effects-proposal_temp_check_fraction=0_25_proposal_fast_track_min_steps=12-run-018,proposal_temp_check_fraction=0.25_proposal_fast_track_min_steps=12,672,3579,0.06217616580310881,0.29411764705882354,988.9119170984455,0.05392156862745098,0.9378238341968912,19.041450777202073,0.06693306489736907,0.5272144075165033,10.2,204
Proposal Pipeline Effects-proposal_temp_check_fraction=0_25_proposal_fast_track_min_steps=12-run-020,proposal_temp_check_fraction=0.25_proposal_fast_track_min_steps=12,674,3482,0.0821256038647343,0.3238095238095238,999.0483091787439,0.014285714285714285,0.9178743961352657,19.318840579710145,0.06879797857446088,0.5215081383691869,10.5,210
Proposal Pipeline Effects-proposal_temp_check_fraction=0_25_proposal_fast_track_min_steps=12-run-019,proposal_temp_check_fraction=0.25_proposal_fast_track_min_steps=12,673,3535,0.09900990099009901,0.3125,1097.6435643564357,0.028846153846153848,0.900990099009901,19.871287128712872,0.0698202994417978,0.5389819188775599,10.4,208
Proposal Pipeline Effects-proposal_temp_check_fraction=0_25_proposal_fast_track_min_steps=12-run-021,proposal_temp_check_fraction=0.25_proposal_fast_track_min_steps=12,675,3534,0.125,0.37745098039215685,1051.18,0.0196078431372549,0.875,22.255,0.08139185580402396,0.4433937638359064,10.2,204
Proposal Pipeline Effects-proposal_temp_check_fraction=0_25_proposal_fast_track_min_steps=12-run-022,proposal_temp_check_fraction=0.25_proposal_fast_track_min_steps=12,676,3579,0.09090909090909091,0.375,1013.8484848484849,0.01,0.9090909090909091,24.934343434343436,0.09096193299930451,0.4739906264364508,10,200
Proposal Pipeline Effects-proposal_temp_check_fraction=0_25_proposal_fast_track_min_steps=12-run-023,proposal_temp_check_fraction=0.25_proposal_fast_track_min_steps=12,677,3314,0.08900523560209424,0.3489583333333333,1013.9214659685864,0.005208333333333333,0.9109947643979057,22.968586387434556,0.08322566985156969,0.54763989367026,9.6,192
Proposal Pipeline Effects-proposal_temp_check_fraction=0_25_proposal_fast_track_min_steps=12-run-024,proposal_temp_check_fraction=0.25_proposal_fast_track_min_steps=12,678,3520,0.058823529411764705,0.2631578947368421,1033.299019607843,0.023923444976076555,0.9411764705882353,14.759803921568627,0.05921317486067733,0.5472486505525977,10.45,209
Proposal Pipeline Effects-proposal_temp_check_fraction=0_25_proposal_fast_track_min_steps=12-run-025,proposal_temp_check_fraction=0.25_proposal_fast_track_min_steps=12,679,3370,0.0851063829787234,0.34536082474226804,1072.5425531914893,0.030927835051546393,0.9148936170212766,19.356382978723403,0.0711284421772138,0.5251672498296462,9.700000000000001,194
Proposal Pipeline Effects-proposal_temp_check_fraction=0_25_proposal_fast_track_min_steps=12-run-026,proposal_temp_check_fraction=0.25_proposal_fast_track_min_steps=12,680,3510,0.0845771144278607,0.36231884057971014,979.0547263681592,0.028985507246376812,0.9154228855721394,24.16417910447761,0.08222378119983074,0.5314468976607186,10.35,207
Proposal Pipeline Effects-proposal_temp_check_fraction=0_25_proposal_fast_track_min_steps=12-run-027,proposal_temp_check_fraction=0.25_proposal_fast_track_min_steps=12,681,3489,0.11165048543689321,0.3615023474178404,1029.621359223301,0.03286384976525822,0.8883495145631068,18.33495145631068,0.07244659671723702,0.5508715439979773,10.65,213
Proposal Pipeline Effects-proposal_temp_check_fraction=0_25_proposal_fast_track_min_steps=12-run-028,proposal_temp_check_fraction=0.25_proposal_fast_track_min_steps=12,682,3436,0.08762886597938144,0.35678391959798994,1029.4948453608247,0.02512562814070352,0.9123711340206185,21.927835051546392,0.07768815147449037,0.4937136207527814,9.950000000000001,199
Proposal Pipeline Effects-proposal_temp_check_fraction=0_25_proposal_fast_track_min_steps=12-run-029,proposal_temp_check_fraction=0.25_proposal_fast_track_min_steps=12,683,3649,0.09183673469387756,0.335,1058.2551020408164,0.02,0.9081632653061225,18.806122448979593,0.07110079368649452,0.6042929481895769,10,200
Proposal Pipeline Effects-proposal_temp_check_fraction=0_25_proposal_fast_track_min_steps=12-run-030,proposal_temp_check_fraction=0.25_proposal_fast_track_min_steps=12,684,3693,0.1553398058252427,0.35096153846153844,1063.9126213592233,0.009615384615384616,0.8446601941747572,17.563106796116504,0.06734749708994982,0.5325856249574792,10.4,208
Proposal Pipeline Effects-proposal_temp_check_fraction=0_5_proposal_fast_track_min_steps=0-run-001,proposal_temp_check_fraction=0.5_proposal_fast_track_min_steps=0,685,3610,0.015957446808510637,0.20103092783505155,1097.4893617021276,0.030927835051546393,0.9840425531914894,17.3031914893617,0.0644056103696607,0.4651387345707118,9.700000000000001,194
Proposal Pipeline Effects-proposal_temp_check_fraction=0_5_proposal_fast_track_min_steps=0-run-002,proposal_temp_check_fraction=0.5_proposal_fast_track_min_steps=0,686,3656,0.016129032258064516,0.2358974358974359,1007.6774193548387,0.046153846153846156,0.9838709677419355,22.263440860215052,0.07509045849383167,0.43981326434534285,9.75,195
Proposal Pipeline Effects-proposal_temp_check_fraction=0_5_proposal_fast_track_min_steps=0-run-003,proposal_temp_check_fraction=0.5_proposal_fast_track_min_steps=0,687,4007,0.013452914798206279,0.18141592920353983,1044.6143497757848,0.01327433628318584,0.9865470852017937,15.98206278026906,0.05586978901692551,0.4196457676500713,11.3,226
Proposal Pipeline Effects-proposal_temp_check_fraction=0_5_proposal_fast_track_min_steps=0-run-004,proposal_temp_check_fraction=0.5_proposal_fast_track_min_steps=0,688,3832,0.015463917525773196,0.23737373737373738,988.5,0.020202020202020204,0.9845360824742269,21.536082474226806,0.07373795610047292,0.44970971498360124,9.9,198
Proposal Pipeline Effects-proposal_temp_check_fraction=0_5_proposal_fast_track_min_steps=0-run-005,proposal_temp_check_fraction=0.5_proposal_fast_track_min_steps=0,689,3550,0.005,0.27053140096618356,1063.435,0.033816425120772944,0.995,25.28,0.08013279726109905,0.4007550080518809,10.35,207
Proposal Pipeline Effects-proposal_temp_check_fraction=0_5_proposal_fast_track_min_steps=0-run-006,proposal_temp_check_fraction=0.5_proposal_fast_track_min_steps=0,690,3731,0.004975124378109453,0.20388349514563106,1045.5721393034826,0.024271844660194174,0.9950248756218906,18.666666666666668,0.06377520371505747,0.4608065925486508,10.299999999999999,206
Proposal Pipeline Effects-proposal_temp_check_fraction=0_5_proposal_fast_track_min_steps=0-run-008,proposal_temp_check_fraction=0.5_proposal_fast_track_min_steps=0,692,3595,0,0.1971153846153846,1004.2089552238806,0.03365384615384615,1,17.29353233830846,0.059969471914191885,0.4619689978662536,10.4,208
Proposal Pipeline Effects-proposal_temp_check_fraction=0_5_proposal_fast_track_min_steps=0-run-007,proposal_temp_check_fraction=0.5_proposal_fast_track_min_steps=0,691,3912,0.017094017094017096,0.15126050420168066,1001.1965811965812,0.01680672268907563,0.9829059829059829,13.427350427350428,0.048759959579926904,0.44989926059002655,11.899999999999999,238
Proposal Pipeline Effects-proposal_temp_check_fraction=0_5_proposal_fast_track_min_steps=0-run-009,proposal_temp_check_fraction=0.5_proposal_fast_track_min_steps=0,693,3459,0.005405405405405406,0.17098445595854922,1069.1837837837838,0.04145077720207254,0.9945945945945946,15.054054054054054,0.05525017316133569,0.3750185240204662,9.65,193
Proposal Pipeline Effects-proposal_temp_check_fraction=0_5_proposal_fast_track_min_steps=0-run-010,proposal_temp_check_fraction=0.5_proposal_fast_track_min_steps=0,694,3477,0.010526315789473684,0.15816326530612246,1027.7157894736843,0.030612244897959183,0.9894736842105263,14.026315789473685,0.05186649509809994,0.4140285436439669,9.8,196
Proposal Pipeline Effects-proposal_temp_check_fraction=0_5_proposal_fast_track_min_steps=0-run-013,proposal_temp_check_fraction=0.5_proposal_fast_track_min_steps=0,697,3230,0.00510204081632653,0.1782178217821782,1037.8469387755101,0.0297029702970297,0.9948979591836735,17.163265306122447,0.060667767955588515,0.43844305713397236,10.100000000000001,202
Proposal Pipeline Effects-proposal_temp_check_fraction=0_5_proposal_fast_track_min_steps=0-run-012,proposal_temp_check_fraction=0.5_proposal_fast_track_min_steps=0,696,3444,0.004830917874396135,0.17142857142857143,976.4347826086956,0.014285714285714285,0.9951690821256038,14.323671497584542,0.05541633464282218,0.41360225013668195,10.5,210
Proposal Pipeline Effects-proposal_temp_check_fraction=0_5_proposal_fast_track_min_steps=0-run-011,proposal_temp_check_fraction=0.5_proposal_fast_track_min_steps=0,695,3413,0.0051813471502590676,0.19597989949748743,1052.896373056995,0.03015075376884422,0.9948186528497409,17.70984455958549,0.05943770637939609,0.45220721280189163,9.950000000000001,199
Proposal Pipeline Effects-proposal_temp_check_fraction=0_5_proposal_fast_track_min_steps=0-run-014,proposal_temp_check_fraction=0.5_proposal_fast_track_min_steps=0,698,3159,0.005649717514124294,0.2185792349726776,989.0395480225989,0.03278688524590164,0.9943502824858758,19.576271186440678,0.0710608295193237,0.4143392104596899,9.15,183
Proposal Pipeline Effects-proposal_temp_check_fraction=0_5_proposal_fast_track_min_steps=0-run-017,proposal_temp_check_fraction=0.5_proposal_fast_track_min_steps=0,701,3488,0.011235955056179775,0.19021739130434784,973.3258426966293,0.03260869565217391,0.9887640449438202,17.174157303370787,0.06047936275488479,0.4301670359670053,9.2,184
Proposal Pipeline Effects-proposal_temp_check_fraction=0_5_proposal_fast_track_min_steps=0-run-016,proposal_temp_check_fraction=0.5_proposal_fast_track_min_steps=0,700,3390,0.005917159763313609,0.17142857142857143,1046.5325443786983,0.03428571428571429,0.9940828402366864,15.218934911242604,0.05486923567739173,0.44683151837063,8.75,175
Proposal Pipeline Effects-proposal_temp_check_fraction=0_5_proposal_fast_track_min_steps=0-run-015,proposal_temp_check_fraction=0.5_proposal_fast_track_min_steps=0,699,3596,0.005208333333333333,0.23115577889447236,1035.0052083333333,0.035175879396984924,0.9947916666666666,21.020833333333332,0.07397225470077914,0.43730762721665134,9.950000000000001,199
Proposal Pipeline Effects-proposal_temp_check_fraction=0_5_proposal_fast_track_min_steps=0-run-018,proposal_temp_check_fraction=0.5_proposal_fast_track_min_steps=0,702,3494,0.014218009478672985,0.20276497695852536,996.3601895734597,0.027649769585253458,0.985781990521327,19.023696682464454,0.06023594997991269,0.43237528419367766,10.85,217
Proposal Pipeline Effects-proposal_temp_check_fraction=0_5_proposal_fast_track_min_steps=0-run-019,proposal_temp_check_fraction=0.5_proposal_fast_track_min_steps=0,703,3356,0.0049261083743842365,0.16990291262135923,1049.9507389162561,0.014563106796116505,0.9950738916256158,14.955665024630543,0.0535478138566769,0.4529043624613731,10.299999999999999,206
Proposal Pipeline Effects-proposal_temp_check_fraction=0_5_proposal_fast_track_min_steps=0-run-022,proposal_temp_check_fraction=0.5_proposal_fast_track_min_steps=0,706,3136,0.011363636363636364,0.25136612021857924,1020.3125,0.03825136612021858,0.9886363636363636,22.5,0.07634756056705921,0.3912367686710472,9.15,183
Proposal Pipeline Effects-proposal_temp_check_fraction=0_5_proposal_fast_track_min_steps=0-run-021,proposal_temp_check_fraction=0.5_proposal_fast_track_min_steps=0,705,3587,0.009433962264150943,0.19724770642201836,1066.5094339622642,0.027522935779816515,0.9905660377358491,17.556603773584907,0.05867190148611165,0.396480403486036,10.9,218
Proposal Pipeline Effects-proposal_temp_check_fraction=0_5_proposal_fast_track_min_steps=0-run-020,proposal_temp_check_fraction=0.5_proposal_fast_track_min_steps=0,704,3593,0.004651162790697674,0.17567567567567569,1010.4790697674418,0.03153153153153153,0.9953488372093023,15.548837209302325,0.05727939972022679,0.46868815500954414,11.1,222
Proposal Pipeline Effects-proposal_temp_check_fraction=0_5_proposal_fast_track_min_steps=0-run-023,proposal_temp_check_fraction=0.5_proposal_fast_track_min_steps=0,707,3543,0.013953488372093023,0.16666666666666666,1036.1581395348837,0.03153153153153153,0.986046511627907,15.274418604651164,0.054348029105764785,0.4228152284882734,11.1,222
Proposal Pipeline Effects-proposal_temp_check_fraction=0_5_proposal_fast_track_min_steps=0-run-024,proposal_temp_check_fraction=0.5_proposal_fast_track_min_steps=0,708,3518,0.005263157894736842,0.15736040609137056,967.6789473684211,0.03553299492385787,0.9947368421052631,14.152631578947368,0.051007987658788265,0.4695169794028361,9.85,197
Proposal Pipeline Effects-proposal_temp_check_fraction=0_5_proposal_fast_track_min_steps=0-run-026,proposal_temp_check_fraction=0.5_proposal_fast_track_min_steps=0,710,3615,0.009302325581395349,0.20909090909090908,1022.5906976744186,0.022727272727272728,0.9906976744186047,19.023255813953487,0.07075746313227867,0.4342266844423226,11,220
Proposal Pipeline Effects-proposal_temp_check_fraction=0_5_proposal_fast_track_min_steps=0-run-025,proposal_temp_check_fraction=0.5_proposal_fast_track_min_steps=0,709,3448,0.010869565217391304,0.22279792746113988,1010.0380434782609,0.046632124352331605,0.9891304347826086,19.98913043478261,0.06900929778762419,0.47243068219612916,9.65,193
Proposal Pipeline Effects-proposal_temp_check_fraction=0_5_proposal_fast_track_min_steps=0-run-027,proposal_temp_check_fraction=0.5_proposal_fast_track_min_steps=0,711,3537,0,0.11052631578947368,1016.8709677419355,0.021052631578947368,1,10.43010752688172,0.04064975304247321,0.5288635271123806,9.5,190
Proposal Pipeline Effects-proposal_temp_check_fraction=0_5_proposal_fast_track_min_steps=0-run-030,proposal_temp_check_fraction=0.5_proposal_fast_track_min_steps=0,714,3544,0,0.2131979695431472,1024.084656084656,0.04060913705583756,1,19.063492063492063,0.0673010713793293,0.43352627025897167,9.85,197
Proposal Pipeline Effects-proposal_temp_check_fraction=0_5_proposal_fast_track_min_steps=0-run-028,proposal_temp_check_fraction=0.5_proposal_fast_track_min_steps=0,712,3639,0.004694835680751174,0.19090909090909092,1034.131455399061,0.031818181818181815,0.9953051643192489,15.685446009389672,0.054250324504876095,0.4577593405649071,11,220
Proposal Pipeline Effects-proposal_temp_check_fraction=0_5_proposal_fast_track_min_steps=0-run-029,proposal_temp_check_fraction=0.5_proposal_fast_track_min_steps=0,713,3732,0,0.22388059701492538,1032.9949238578681,0.01990049751243781,1,20.431472081218274,0.07293672571927765,0.4599985420954978,10.05,201
Proposal Pipeline Effects-proposal_temp_check_fraction=0_5_proposal_fast_track_min_steps=6-run-001,proposal_temp_check_fraction=0.5_proposal_fast_track_min_steps=6,715,3627,0.16113744075829384,0.4232558139534884,1036.6303317535544,0.018604651162790697,0.8388625592417062,26.270142180094787,0.08866974162672227,0.40370223932499233,10.75,215
Proposal Pipeline Effects-proposal_temp_check_fraction=0_5_proposal_fast_track_min_steps=6-run-003,proposal_temp_check_fraction=0.5_proposal_fast_track_min_steps=6,717,3250,0.24456521739130435,0.47619047619047616,1036.695652173913,0.026455026455026454,0.7554347826086957,27.875,0.09586125223675444,0.3958714096456903,9.45,189
Proposal Pipeline Effects-proposal_temp_check_fraction=0_5_proposal_fast_track_min_steps=6-run-004,proposal_temp_check_fraction=0.5_proposal_fast_track_min_steps=6,718,3455,0.17616580310880828,0.4,1047.1658031088082,0.010256410256410256,0.8238341968911918,23.212435233160623,0.0843878606391834,0.441068012841787,9.75,195
Proposal Pipeline Effects-proposal_temp_check_fraction=0_5_proposal_fast_track_min_steps=6-run-002,proposal_temp_check_fraction=0.5_proposal_fast_track_min_steps=6,716,3468,0.16062176165803108,0.39593908629441626,1029.4093264248704,0.02030456852791878,0.8393782383419689,24.72020725388601,0.08803054019653979,0.43994952951033667,9.85,197
Proposal Pipeline Effects-proposal_temp_check_fraction=0_5_proposal_fast_track_min_steps=6-run-007,proposal_temp_check_fraction=0.5_proposal_fast_track_min_steps=6,721,3430,0.15609756097560976,0.38028169014084506,1040.2829268292683,0.03755868544600939,0.8439024390243902,22.634146341463413,0.078541564491877,0.39377141156034307,10.65,213
Proposal Pipeline Effects-proposal_temp_check_fraction=0_5_proposal_fast_track_min_steps=6-run-005,proposal_temp_check_fraction=0.5_proposal_fast_track_min_steps=6,719,3535,0.1743119266055046,0.38636363636363635,1031.9587155963302,0.00909090909090909,0.8256880733944955,23.26605504587156,0.08517546762692722,0.49020784806719697,11,220
Proposal Pipeline Effects-proposal_temp_check_fraction=0_5_proposal_fast_track_min_steps=6-run-006,proposal_temp_check_fraction=0.5_proposal_fast_track_min_steps=6,720,3516,0.178743961352657,0.41784037558685444,970.6231884057971,0.028169014084507043,0.821256038647343,24.246376811594203,0.08643783612371637,0.4105425051621499,10.65,213
Proposal Pipeline Effects-proposal_temp_check_fraction=0_5_proposal_fast_track_min_steps=6-run-008,proposal_temp_check_fraction=0.5_proposal_fast_track_min_steps=6,722,3505,0.20297029702970298,0.4223300970873786,1026.2623762376238,0.019417475728155338,0.7970297029702971,24.955445544554454,0.08822041405734148,0.4600209282038123,10.299999999999999,206
Proposal Pipeline Effects-proposal_temp_check_fraction=0_5_proposal_fast_track_min_steps=6-run-009,proposal_temp_check_fraction=0.5_proposal_fast_track_min_steps=6,723,3148,0.1827956989247312,0.455026455026455,998.516129032258,0.015873015873015872,0.8172043010752689,26.177419354838708,0.09405966142258541,0.3870349213690271,9.45,189
Proposal Pipeline Effects-proposal_temp_check_fraction=0_5_proposal_fast_track_min_steps=6-run-010,proposal_temp_check_fraction=0.5_proposal_fast_track_min_steps=6,724,3282,0.15577889447236182,0.3300970873786408,1112.3417085427136,0.03398058252427184,0.8442211055276382,21.311557788944725,0.0710214761484635,0.4515614069287328,10.299999999999999,206
Proposal Pipeline Effects-proposal_temp_check_fraction=0_5_proposal_fast_track_min_steps=6-run-011,proposal_temp_check_fraction=0.5_proposal_fast_track_min_steps=6,725,3397,0.1902439024390244,0.4423076923076923,1011.1414634146341,0.014423076923076924,0.8097560975609757,26.473170731707317,0.09349882853728773,0.47471092025478073,10.4,208
Proposal Pipeline Effects-proposal_temp_check_fraction=0_5_proposal_fast_track_min_steps=6-run-012,proposal_temp_check_fraction=0.5_proposal_fast_track_min_steps=6,726,3303,0.20512820512820512,0.42,1116.174358974359,0.025,0.7948717948717948,25.133333333333333,0.08717541485235732,0.4208790896643891,10,200
Proposal Pipeline Effects-proposal_temp_check_fraction=0_5_proposal_fast_track_min_steps=6-run-014,proposal_temp_check_fraction=0.5_proposal_fast_track_min_steps=6,728,3266,0.2159090909090909,0.3785310734463277,1012.5568181818181,0.005649717514124294,0.7840909090909091,21.636363636363637,0.07866277041299205,0.42097994908871994,8.85,177
Proposal Pipeline Effects-proposal_temp_check_fraction=0_5_proposal_fast_track_min_steps=6-run-013,proposal_temp_check_fraction=0.5_proposal_fast_track_min_steps=6,727,3348,0.16417910447761194,0.3399014778325123,1007.7661691542288,0.009852216748768473,0.835820895522388,20.880597014925375,0.06931647625221903,0.45061809549666076,10.15,203
Proposal Pipeline Effects-proposal_temp_check_fraction=0_5_proposal_fast_track_min_steps=6-run-016,proposal_temp_check_fraction=0.5_proposal_fast_track_min_steps=6,730,3481,0.21649484536082475,0.41624365482233505,1014.2938144329897,0.015228426395939087,0.7835051546391752,24.072164948453608,0.08376533707934838,0.45073917972151534,9.85,197
Proposal Pipeline Effects-proposal_temp_check_fraction=0_5_proposal_fast_track_min_steps=6-run-015,proposal_temp_check_fraction=0.5_proposal_fast_track_min_steps=6,729,3829,0.1724137931034483,0.35443037974683544,1080.8103448275863,0.02109704641350211,0.8275862068965517,21.862068965517242,0.07174649195081532,0.4859459168530756,11.85,237
Proposal Pipeline Effects-proposal_temp_check_fraction=0_5_proposal_fast_track_min_steps=6-run-018,proposal_temp_check_fraction=0.5_proposal_fast_track_min_steps=6,732,3636,0.25742574257425743,0.47058823529411764,945.2524752475248,0.00980392156862745,0.7425742574257426,27.11881188118812,0.10007599106378151,0.38070788238712483,10.2,204
Proposal Pipeline Effects-proposal_temp_check_fraction=0_5_proposal_fast_track_min_steps=6-run-017,proposal_temp_check_fraction=0.5_proposal_fast_track_min_steps=6,731,3825,0.16355140186915887,0.4794520547945205,995.0794392523364,0.0228310502283105,0.8364485981308412,31.514018691588785,0.11266246454695296,0.3882458679911327,10.95,219
Proposal Pipeline Effects-proposal_temp_check_fraction=0_5_proposal_fast_track_min_steps=6-run-020,proposal_temp_check_fraction=0.5_proposal_fast_track_min_steps=6,734,3928,0.12935323383084577,0.3448275862068966,1048.9651741293533,0.009852216748768473,0.8706467661691543,22.29850746268657,0.07314936868440343,0.47446883989289157,10.15,203
Proposal Pipeline Effects-proposal_temp_check_fraction=0_5_proposal_fast_track_min_steps=6-run-019,proposal_temp_check_fraction=0.5_proposal_fast_track_min_steps=6,733,3793,0.1319796954314721,0.3613861386138614,1034.4568527918782,0.024752475247524754,0.868020304568528,23.050761421319798,0.07976909713120928,0.4419933718864057,10.100000000000001,202
Proposal Pipeline Effects-proposal_temp_check_fraction=0_5_proposal_fast_track_min_steps=6-run-022,proposal_temp_check_fraction=0.5_proposal_fast_track_min_steps=6,736,4305,0.15384615384615385,0.4077669902912621,1001.1641025641026,0.05339805825242718,0.8461538461538461,24.805128205128206,0.0819106330720236,0.42651036072065707,10.299999999999999,206
Proposal Pipeline Effects-proposal_temp_check_fraction=0_5_proposal_fast_track_min_steps=6-run-021,proposal_temp_check_fraction=0.5_proposal_fast_track_min_steps=6,735,4301,0.1625615763546798,0.37681159420289856,1068.256157635468,0.01932367149758454,0.8374384236453202,24.467980295566502,0.08283079097032603,0.4403186848597085,10.35,207
Proposal Pipeline Effects-proposal_temp_check_fraction=0_5_proposal_fast_track_min_steps=6-run-023,proposal_temp_check_fraction=0.5_proposal_fast_track_min_steps=6,737,4515,0.11764705882352941,0.3244444444444444,1055.5113122171945,0.017777777777777778,0.8823529411764706,22.11764705882353,0.07180827992808167,0.43152716933167073,11.25,225
Proposal Pipeline Effects-proposal_temp_check_fraction=0_5_proposal_fast_track_min_steps=6-run-024,proposal_temp_check_fraction=0.5_proposal_fast_track_min_steps=6,738,4366,0.1691542288557214,0.34146341463414637,1085.1542288557214,0.01951219512195122,0.8308457711442786,19.303482587064675,0.06718131435652153,0.431586532345318,10.25,205
Proposal Pipeline Effects-proposal_temp_check_fraction=0_5_proposal_fast_track_min_steps=6-run-026,proposal_temp_check_fraction=0.5_proposal_fast_track_min_steps=6,740,4231,0.1990521327014218,0.4413145539906103,1069.5829383886255,0.009389671361502348,0.8009478672985783,27.526066350710902,0.09430826655830743,0.42897220805112796,10.65,213
Proposal Pipeline Effects-proposal_temp_check_fraction=0_5_proposal_fast_track_min_steps=6-run-025,proposal_temp_check_fraction=0.5_proposal_fast_track_min_steps=6,739,4348,0.18009478672985782,0.38425925925925924,1069.5876777251185,0.023148148148148147,0.8199052132701422,22.649289099526065,0.0777139132164639,0.41241534506300814,10.8,216
Proposal Pipeline Effects-proposal_temp_check_fraction=0_5_proposal_fast_track_min_steps=6-run-028,proposal_temp_check_fraction=0.5_proposal_fast_track_min_steps=6,742,3771,0.19879518072289157,0.4378698224852071,1036.632530120482,0.01775147928994083,0.8012048192771084,28.07831325301205,0.09489442959787957,0.4457393216439762,8.450000000000001,169
Proposal Pipeline Effects-proposal_temp_check_fraction=0_5_proposal_fast_track_min_steps=6-run-027,proposal_temp_check_fraction=0.5_proposal_fast_track_min_steps=6,741,4165,0.1784037558685446,0.4485981308411215,1020.6995305164319,0.004672897196261682,0.8215962441314554,26.784037558685448,0.09408734469840294,0.4007536270888982,10.7,214
Proposal Pipeline Effects-proposal_temp_check_fraction=0_5_proposal_fast_track_min_steps=6-run-029,proposal_temp_check_fraction=0.5_proposal_fast_track_min_steps=6,743,3939,0.15,0.4098360655737705,954.1055555555556,0.01639344262295082,0.85,24.65,0.08334793871985896,0.3717991930116125,9.15,183
Proposal Pipeline Effects-proposal_temp_check_fraction=0_5_proposal_fast_track_min_steps=6-run-030,proposal_temp_check_fraction=0.5_proposal_fast_track_min_steps=6,744,4056,0.08823529411764706,0.33649289099526064,928.4754901960785,0.03317535545023697,0.9117647058823529,22.813725490196077,0.0736324404803339,0.5166357916983347,10.549999999999999,211
Proposal Pipeline Effects-proposal_temp_check_fraction=0_5_proposal_fast_track_min_steps=12-run-002,proposal_temp_check_fraction=0.5_proposal_fast_track_min_steps=12,746,4028,0.1989247311827957,0.4114583333333333,1021.252688172043,0.03125,0.8010752688172043,23.43548387096774,0.08230163333293358,0.454537250569919,9.6,192
Proposal Pipeline Effects-proposal_temp_check_fraction=0_5_proposal_fast_track_min_steps=12-run-001,proposal_temp_check_fraction=0.5_proposal_fast_track_min_steps=12,745,4019,0.13297872340425532,0.3489583333333333,965.218085106383,0.020833333333333332,0.8670212765957447,21.574468085106382,0.07187344367354388,0.38248425607847253,9.6,192
Proposal Pipeline Effects-proposal_temp_check_fraction=0_5_proposal_fast_track_min_steps=12-run-003,proposal_temp_check_fraction=0.5_proposal_fast_track_min_steps=12,747,3964,0.1658291457286432,0.38613861386138615,1003.6834170854271,0.01485148514851485,0.8341708542713567,23.321608040201006,0.08039661032033393,0.42591464606568674,10.100000000000001,202
Proposal Pipeline Effects-proposal_temp_check_fraction=0_5_proposal_fast_track_min_steps=12-run-004,proposal_temp_check_fraction=0.5_proposal_fast_track_min_steps=12,748,4042,0.22274881516587677,0.4722222222222222,1019.3222748815166,0.023148148148148147,0.7772511848341233,28.540284360189574,0.09923974073144652,0.398098062532597,10.8,216
Proposal Pipeline Effects-proposal_temp_check_fraction=0_5_proposal_fast_track_min_steps=12-run-005,proposal_temp_check_fraction=0.5_proposal_fast_track_min_steps=12,749,4213,0.16097560975609757,0.3459715639810427,1060.6975609756098,0.02843601895734597,0.8390243902439024,20.629268292682926,0.06750576493007199,0.43201753908244683,10.549999999999999,211
Proposal Pipeline Effects-proposal_temp_check_fraction=0_5_proposal_fast_track_min_steps=12-run-006,proposal_temp_check_fraction=0.5_proposal_fast_track_min_steps=12,750,4132,0.12315270935960591,0.36231884057971014,1048.0147783251232,0.01932367149758454,0.8768472906403941,23.374384236453203,0.07777647961098387,0.43316276786935787,10.35,207
Proposal Pipeline Effects-proposal_temp_check_fraction=0_5_proposal_fast_track_min_steps=12-run-008,proposal_temp_check_fraction=0.5_proposal_fast_track_min_steps=12,752,3821,0.14619883040935672,0.3620689655172414,967.9590643274854,0.017241379310344827,0.8538011695906432,21.76608187134503,0.07680829716038041,0.4488326035198624,8.7,174
Proposal Pipeline Effects-proposal_temp_check_fraction=0_5_proposal_fast_track_min_steps=12-run-007,proposal_temp_check_fraction=0.5_proposal_fast_track_min_steps=12,751,4116,0.16097560975609757,0.41545893719806765,1044.9121951219513,0.00966183574879227,0.8390243902439024,25.302439024390242,0.08857396363388664,0.41756053025272705,10.35,207
Proposal Pipeline Effects-proposal_temp_check_fraction=0_5_proposal_fast_track_min_steps=12-run-009,proposal_temp_check_fraction=0.5_proposal_fast_track_min_steps=12,753,4202,0.15865384615384615,0.3561643835616438,1015.375,0.0502283105022831,0.8413461538461539,22.125,0.07499255196059702,0.44148074017559014,10.95,219
Proposal Pipeline Effects-proposal_temp_check_fraction=0_5_proposal_fast_track_min_steps=12-run-010,proposal_temp_check_fraction=0.5_proposal_fast_track_min_steps=12,754,4265,0.16113744075829384,0.37209302325581395,1040.995260663507,0.018604651162790697,0.8388625592417062,22.175355450236967,0.07817078089578199,0.40828177472989585,10.75,215
Proposal Pipeline Effects-proposal_temp_check_fraction=0_5_proposal_fast_track_min_steps=12-run-011,proposal_temp_check_fraction=0.5_proposal_fast_track_min_steps=12,755,3878,0.27472527472527475,0.5080213903743316,1017.2142857142857,0.026737967914438502,0.7252747252747253,26.89010989010989,0.09645864220669755,0.4096030594368831,9.35,187
Proposal Pipeline Effects-proposal_temp_check_fraction=0_5_proposal_fast_track_min_steps=12-run-012,proposal_temp_check_fraction=0.5_proposal_fast_track_min_steps=12,756,3842,0.09045226130653267,0.32673267326732675,1018.2713567839196,0.01485148514851485,0.9095477386934674,21.984924623115578,0.07605681169519571,0.4608914384139198,10.100000000000001,202
Proposal Pipeline Effects-proposal_temp_check_fraction=0_5_proposal_fast_track_min_steps=12-run-013,proposal_temp_check_fraction=0.5_proposal_fast_track_min_steps=12,757,4098,0.1650943396226415,0.3761467889908257,991.4952830188679,0.027522935779816515,0.8349056603773585,23.297169811320753,0.08026843496165999,0.43074513245121787,10.9,218
Proposal Pipeline Effects-proposal_temp_check_fraction=0_5_proposal_fast_track_min_steps=12-run-014,proposal_temp_check_fraction=0.5_proposal_fast_track_min_steps=12,758,4038,0.16267942583732056,0.3615023474178404,1069.5933014354066,0.018779342723004695,0.8373205741626795,23.382775119617225,0.08105790047478205,0.4257231887426254,10.65,213
Proposal Pipeline Effects-proposal_temp_check_fraction=0_5_proposal_fast_track_min_steps=12-run-015,proposal_temp_check_fraction=0.5_proposal_fast_track_min_steps=12,759,4100,0.14492753623188406,0.41784037558685444,1034.8599033816424,0.028169014084507043,0.855072463768116,26.444444444444443,0.09080337254425243,0.4108782260639942,10.65,213
Proposal Pipeline Effects-proposal_temp_check_fraction=0_5_proposal_fast_track_min_steps=12-run-016,proposal_temp_check_fraction=0.5_proposal_fast_track_min_steps=12,760,4153,0.18141592920353983,0.4192139737991266,960.137168141593,0.013100436681222707,0.8185840707964602,24.168141592920353,0.08318787208102517,0.3678871189915602,11.450000000000001,229
Proposal Pipeline Effects-proposal_temp_check_fraction=0_5_proposal_fast_track_min_steps=12-run-017,proposal_temp_check_fraction=0.5_proposal_fast_track_min_steps=12,761,4297,0.20093457943925233,0.37209302325581395,1044.2616822429907,0.004651162790697674,0.7990654205607477,20.570093457943926,0.07597767119174012,0.45061091452928664,10.75,215
Proposal Pipeline Effects-proposal_temp_check_fraction=0_5_proposal_fast_track_min_steps=12-run-018,proposal_temp_check_fraction=0.5_proposal_fast_track_min_steps=12,762,4259,0.16666666666666666,0.4,1050.642857142857,0.023255813953488372,0.8333333333333334,25.60952380952381,0.08898192171164665,0.4676628093779181,10.75,215
Proposal Pipeline Effects-proposal_temp_check_fraction=0_5_proposal_fast_track_min_steps=12-run-019,proposal_temp_check_fraction=0.5_proposal_fast_track_min_steps=12,763,7097,0.21393034825870647,0.4368932038834951,967.3930348258707,0.024271844660194174,0.7860696517412935,24.18905472636816,0.08708358409812282,0.4523049269923872,10.299999999999999,206
Proposal Pipeline Effects-proposal_temp_check_fraction=0_5_proposal_fast_track_min_steps=12-run-020,proposal_temp_check_fraction=0.5_proposal_fast_track_min_steps=12,764,7388,0.21164021164021163,0.39800995024875624,1045.973544973545,0.05970149253731343,0.7883597883597884,24.735449735449734,0.08051196102782533,0.5032346549971181,10.05,201
Proposal Pipeline Effects-proposal_temp_check_fraction=0_5_proposal_fast_track_min_steps=12-run-021,proposal_temp_check_fraction=0.5_proposal_fast_track_min_steps=12,765,9243,0.18229166666666666,0.36363636363636365,989.8020833333334,0.030303030303030304,0.8177083333333334,21.052083333333332,0.07073876118168544,0.43246218611520515,9.9,198
Proposal Pipeline Effects-proposal_temp_check_fraction=0_5_proposal_fast_track_min_steps=12-run-022,proposal_temp_check_fraction=0.5_proposal_fast_track_min_steps=12,766,9873,0.19095477386934673,0.3883495145631068,973.8592964824121,0.03398058252427184,0.8090452261306532,22.386934673366834,0.07665316115594242,0.4013460748840364,10.299999999999999,206
Proposal Pipeline Effects-proposal_temp_check_fraction=0_5_proposal_fast_track_min_steps=12-run-023,proposal_temp_check_fraction=0.5_proposal_fast_track_min_steps=12,767,8212,0.14705882352941177,0.30952380952380953,1053.3235294117646,0.02857142857142857,0.8529411764705882,17.681372549019606,0.05989480218241734,0.4576094990026574,10.5,210
Proposal Pipeline Effects-proposal_temp_check_fraction=0_5_proposal_fast_track_min_steps=12-run-024,proposal_temp_check_fraction=0.5_proposal_fast_track_min_steps=12,768,7805,0.18137254901960784,0.3867924528301887,1010.906862745098,0.03773584905660377,0.8186274509803921,22.019607843137255,0.0722717617846887,0.4262357693339115,10.6,212
Proposal Pipeline Effects-proposal_temp_check_fraction=0_5_proposal_fast_track_min_steps=12-run-025,proposal_temp_check_fraction=0.5_proposal_fast_track_min_steps=12,769,6244,0.1583710407239819,0.3794642857142857,1027.8914027149322,0.013392857142857142,0.8416289592760181,23.936651583710407,0.08427042268755999,0.4295457365767726,11.200000000000001,224
Proposal Pipeline Effects-proposal_temp_check_fraction=0_5_proposal_fast_track_min_steps=12-run-026,proposal_temp_check_fraction=0.5_proposal_fast_track_min_steps=12,770,5796,0.1822429906542056,0.3698630136986301,1005.5093457943925,0.0228310502283105,0.8177570093457944,22.546728971962615,0.07846503571063475,0.41384183055793433,10.95,219
Proposal Pipeline Effects-proposal_temp_check_fraction=0_5_proposal_fast_track_min_steps=12-run-027,proposal_temp_check_fraction=0.5_proposal_fast_track_min_steps=12,771,4093,0.1326530612244898,0.3197969543147208,1008.75,0.005076142131979695,0.8673469387755102,19.739795918367346,0.07013891796514202,0.4288850626136151,9.85,197
Proposal Pipeline Effects-proposal_temp_check_fraction=0_5_proposal_fast_track_min_steps=12-run-028,proposal_temp_check_fraction=0.5_proposal_fast_track_min_steps=12,772,4109,0.0962566844919786,0.3556701030927835,1038.3368983957218,0.03608247422680412,0.9037433155080213,24.32620320855615,0.08065335668148026,0.4297846966064302,9.700000000000001,194
Proposal Pipeline Effects-proposal_temp_check_fraction=0_5_proposal_fast_track_min_steps=12-run-029,proposal_temp_check_fraction=0.5_proposal_fast_track_min_steps=12,773,4028,0.2028301886792453,0.4147465437788018,999.2641509433962,0.02304147465437788,0.7971698113207547,25.400943396226417,0.08764704999610157,0.481067959436243,10.85,217
Proposal Pipeline Effects-proposal_temp_check_fraction=0_5_proposal_fast_track_min_steps=12-run-030,proposal_temp_check_fraction=0.5_proposal_fast_track_min_steps=12,774,4036,0.10454545454545454,0.3524229074889868,953.1409090909091,0.030837004405286344,0.8954545454545455,22.827272727272728,0.07566102567182456,0.4203568879656677,11.35,227