run_id,sweep_value,seed,duration_ms,Proposal Pass Rate,Average Turnout,Voter Participation Rate,Delegate Concentration,Whale Influence,Voter Concentration Gini,Unique Voter Count,Voter Retention Rate,Quorum Reach Rate,Final Member Count,Total Proposals,Avg Votes Per Proposal,Participation Trend,Token Concentration Gini,Final Gini,Final Treasury,Governance Capture Risk,Single Entity Control
Scale Sweep-50-run-001,50,808,4843,0.7931034482758621,0.21558156173906703,0.2812391309219972,0.30244483248452475,0.2886944547340036,0.47283295194508007,181,0.9369369369369369,1,250,29,40.275862068965516,0.006983078881850618,0.5148666790920461,0.5148169232228117,11053.032114650185,0.3154005232576903,0.028438851951265946
Scale Sweep-100-run-001,100,838,7346,1,0.20480122106675708,0.2421800373132231,0.2765618011677288,0.28434022031374934,0.42125626422740503,235,0.9644970414201184,1,301,49,52.265306122448976,0.0020833309205272607,0.5112551594045681,0.5113213553476534,10861.911462877048,0.2868591582741189,0.022224810022360805
Scale Sweep-200-run-001,200,868,13438,0.9833333333333333,0.24198082434980325,0.22867771663571798,0.27102281343085166,0.2783314489914635,0.39522455210090784,322,0.916030534351145,1,405,61,70.54098360655738,0.002144006098083408,0.4174696387927534,0.41739389881200495,12048.540142981983,0.2790672167696816,0.019728189515099494
Scale Sweep-350-run-001,350,898,25328,1,0.2172439148877946,0.23207818877985364,0.2560980191657217,0.26545698325931066,0.38526579471490463,453,0.9246753246753247,1,565,65,106.35384615384615,0.0007093481689619165,0.4661509695682492,0.46605181778960936,12062.217914998573,0.2577914163000707,0.01378630955379513
Scale Sweep-500-run-001,500,928,60515,0.9873417721518988,0.2344657527819214,0.22092067293088674,0.245392285899272,0.2610103219177733,0.3679188440576643,594,0.903954802259887,1,721,79,137.63291139240508,0.000921645466232229,0.42139564875956376,0.4213484608315665,11330.244747382148,0.23801003469279697,0.009425877369679045
Scale Sweep-50-run-002,50,809,5565,0.9166666666666666,0.21923833371861842,0.2624829493315088,0.3009219237534703,0.275523879908668,0.38498162515312373,202,0.9337748344370861,0.98,250,50,43.38,0.0036455094203814305,0.49463876117507116,0.494221007243447,11763.695516084044,0.307306709899173,0.021756692014409506
Scale Sweep-100-run-002,100,839,7260,0.9347826086956522,0.2083708296437602,0.25289531921888553,0.2739183651444683,0.2573087373842357,0.4091905757655286,236,0.9175824175824175,1,301,47,52.829787234042556,0.0021479798963454253,0.490773303778685,0.4899834859794985,12042.483971913605,0.27804818481155436,0.024211000208547294
Scale Sweep-200-run-002,200,869,9233,1,0.2098091101827958,0.24678387978800906,0.2755825669573704,0.2762966722157641,0.39707129733239394,333,0.8754716981132076,1,405,32,76.375,0.002744582289614579,0.49758877928336787,0.4977319931092241,12046.87960619952,0.276133062351331,0.018165993104660973
Scale Sweep-350-run-002,350,899,25976,1,0.22862218316068908,0.23114699252430257,0.27058247520951906,0.27941704137690476,0.39320286602937016,454,0.9324675324675324,1,565,64,107.953125,0.0010140183305489025,0.4472714332470989,0.4471494675813361,10771.020944318856,0.2736982635482748,0.012820160505422272
Scale Sweep-500-run-002,500,929,55510,1,0.23482950096484953,0.23176783138538315,0.25589026879849996,0.2672146427067728,0.3894214790432121,584,0.9166666666666666,1,721,65,140.8153846153846,0.0008182948142371773,0.45249497533850724,0.45245280261428245,11561.181568448283,0.25290650869650133,0.011305920548530995
Scale Sweep-50-run-003,50,810,4246,0.8947368421052632,0.2076538236273251,0.2717096005908649,0.27799551856947363,0.28017279977701587,0.43307604562737645,185,0.9037037037037037,1,250,39,44.02564102564103,0.0035927258779962796,0.5082513974696198,0.5084246832516195,11446.653291699015,0.2914151564100227,0.028106280587866305
Scale Sweep-100-run-003,100,840,6694,0.96875,0.23118579424482819,0.2398970463589887,0.2792956674736825,0.2859109547638724,0.4090554865748664,240,0.9239130434782609,1,301,33,52.24242424242424,0.003937003656620997,0.42943475601508774,0.4327574430056855,12094.905826139802,0.27876093385850675,0.022029150281257195
Scale Sweep-200-run-003,200,870,11858,0.925,0.2276315163631726,0.241355507094886,0.27320162077873916,0.2705720753019974,0.4053094060756896,336,0.8955223880597015,1,405,42,74.28571428571429,0.002810003102505747,0.45939919592491424,0.45936698080814975,10628.117275484732,0.28152207134761825,0.01819711070579819
Scale Sweep-350-run-003,350,900,22979,1,0.2379638334776073,0.20136997855079955,0.24680286332809048,0.2634012164792835,0.41038278949399076,449,0.9272237196765498,1,565,58,93.03448275862068,0.0020707730270493907,0.35876151817903984,0.358735756657127,12061.930829689429,0.24696351246090884,0.015823827556572783
Scale Sweep-500-run-003,500,930,58608,0.9893617021276596,0.24017710019877667,0.20877357497284044,0.2477969807133435,0.2638893543762293,0.38520419742315193,581,0.9169960474308301,1,721,94,128.11702127659575,0.0009237458599045341,0.4147581363993181,0.41470844488356806,12075.609197965048,0.2457714566460931,0.011148804501714545
Scale Sweep-50-run-004,50,811,5956,0.9615384615384616,0.21756641208480906,0.2536546768231323,0.2965431866521036,0.2645179778874141,0.4336823300970874,198,0.9846153846153847,0.9454545454545454,250,55,41.50909090909091,0.0025366048992612033,0.49146823393876266,0.49146906720196637,11740.738742686191,0.2958882770326278,0.019037376530707025
Scale Sweep-100-run-004,100,841,6121,0.9459459459459459,0.2389267215468691,0.24469468829255855,0.30103591839486793,0.29256437626392634,0.4385533761131085,225,0.9190751445086706,1,301,38,50.10526315789474,0.002450822066415365,0.4214209248216008,0.4214985652736398,10819.750918988728,0.2947456697246166,0.022029447700518984
Scale Sweep-200-run-004,200,871,9841,0.9210526315789473,0.22195194879140995,0.24414107632422374,0.2687204110020417,0.28000594379029947,0.41622028611380013,316,0.9090909090909091,1,405,38,76.5,0.00233850099855308,0.4936702756713874,0.492948538901411,12049.427315050092,0.2713904826052319,0.019047754858415478
Scale Sweep-350-run-004,350,901,28221,1,0.23710856302808075,0.2231305273722645,0.26413736171695307,0.2724378775788163,0.3999346116027532,468,0.927027027027027,1,565,70,99.9,0.0015010310323444705,0.42675180790945133,0.4267410248177168,11360.752629548033,0.26829499532715206,0.011817878553159682
Scale Sweep-500-run-004,500,931,46415,1,0.23069606422476235,0.1986592079147054,0.22611180552029217,0.25041201247602285,0.38700216169045376,580,0.935672514619883,1,721,70,122.8,0.0012788996161831212,0.3759782026613403,0.37595492098449723,12071.520208209287,0.23086062102828359,0.011060231054619616
Scale Sweep-50-run-005,50,812,3496,0.9130434782608695,0.20519682809988724,0.2414843161939657,0.2843117629398065,0.2500648767162701,0.47023561643835615,179,0.9130434782608695,1,250,25,38.04,0.004880525267335788,0.46265467785910513,0.4627280877864486,12042.859930988567,0.3195220132463594,0.031222231652475303
Scale Sweep-100-run-005,100,842,5278,0.9318181818181818,0.2266052834426395,0.2507118801547963,0.28247247177473184,0.2618957557736693,0.40902069057199725,241,0.9482758620689655,1,301,46,51.891304347826086,0.002894769709384583,0.4317964335183419,0.43181201200222663,11773.181282805102,0.28507462113850696,0.022718201807603262
Scale Sweep-200-run-005,200,872,9633,1,0.23951740871359445,0.21678834734444388,0.2473356935900188,0.2528201855957539,0.413721548014114,326,0.92578125,1,405,43,68.11627906976744,0.002642779092015305,0.3854919097197514,0.385558320541626,12049.520516501347,0.25618824982689,0.017029530657034476
Scale Sweep-350-run-005,350,902,22591,1,0.23406447565789423,0.22410082831317113,0.2535751287733651,0.2682929325340919,0.3791518411191531,477,0.8851674641148325,1,565,54,104.94444444444444,0.0010564415187485053,0.4336888184335043,0.4336985843257368,12062.704896670824,0.24931609154515696,0.012726240890152531
Scale Sweep-500-run-005,500,932,48096,1,0.2267823811002776,0.19211851465429444,0.2316467773977739,0.2517772727957641,0.39459076739440907,571,0.9189723320158103,1,721,72,118.55555555555556,0.000984856309541481,0.38758907310024443,0.3875398306693192,12075.138444165166,0.23356986464947602,0.010375639838537815
Scale Sweep-50-run-006,50,813,4834,0.9666666666666667,0.23067588401011935,0.2660647591581115,0.2990313686532754,0.2672760589861797,0.4492777777777778,193,0.9307692307692308,1,250,31,41.774193548387096,0.005491777840701735,0.43977179946611905,0.43979162710359176,12036.8736981863,0.2859136720606111,0.02988708435710553
Scale Sweep-100-run-006,100,843,6037,0.96,0.21818465576600657,0.2504519856657099,0.30127766997224475,0.29982569703405443,0.40766632944222797,243,0.9090909090909091,1,301,52,55.15384615384615,0.0017780744044943299,0.4811286628784972,0.48112716744783035,11271.54057963494,0.291594412753884,0.024822850638951864
Scale Sweep-200-run-006,200,873,10417,0.9777777777777777,0.22774486921057285,0.23810635583365203,0.26730684967643265,0.2701408315566104,0.3939611471342833,322,0.9201520912547528,1,405,47,74.91489361702128,0.0018730279508285352,0.44323875833056514,0.4430081714897034,12052.827426732756,0.26354020134849465,0.01814214996806765
Scale Sweep-350-run-006,350,903,26973,1,0.23185173553286983,0.23225900959880127,0.2495383440206147,0.26393684776547666,0.3778223561706947,457,0.935064935064935,1,565,65,108.86153846153846,0.0012987992296487304,0.46498452211783703,0.46489939314656303,11856.001443140778,0.24551376278150217,0.013335271611435629
Scale Sweep-500-run-006,500,933,53002,0.9873417721518988,0.23979243208689302,0.19987103990976188,0.21165457448738328,0.22328558904783202,0.3975434612518019,582,0.8855421686746988,1,721,80,121.7875,0.0009704057966310765,0.4251574381512146,0.4251479167331267,12074.10136144379,0.21350220589783328,0.013562555273816418
Scale Sweep-50-run-007,50,814,5451,0.9333333333333333,0.21436830270108337,0.28113497223581263,0.29220944957487127,0.26030582428634724,0.39778125,185,0.9571428571428572,0.9782608695652174,250,46,46.26086956521739,0.0031318941925216354,0.4830058436445368,0.48272500693364595,12041.555089337568,0.3082550030816567,0.022536293176063957
Scale Sweep-100-run-007,100,844,4988,0.9743589743589743,0.2035175529370011,0.25385412306862887,0.28882429346652805,0.2939214654500244,0.3941329320238703,240,0.927461139896373,1,301,42,54.61904761904762,0.0024120869059893837,0.4956219347532856,0.4955106967534253,10928.282431074822,0.29856352688849414,0.022725971728741707
Scale Sweep-200-run-007,200,874,11095,1,0.23052998717867157,0.2249476771959978,0.27438690412308764,0.28826507870820517,0.4007559127008103,318,0.9227799227799228,1,405,48,69.75,0.002610078801294433,0.4278518822562088,0.4274336901772726,12038.653010218706,0.27566284451040896,0.017728023858723435
Scale Sweep-350-run-007,350,904,28422,0.9852941176470589,0.21328181390536208,0.23066516214166524,0.26248813316363695,0.28138601088692156,0.37705645507297736,456,0.93717277486911,0.9859154929577465,565,71,109.05633802816901,0.0007485322685311272,0.49816534988524863,0.4981678295282903,12059.180149454674,0.26399239692383675,0.013340810846603613
Scale Sweep-500-run-007,500,934,62749,1,0.23559379318100682,0.22064001855068682,0.2642970851038406,0.28236140319867936,0.36760278225686893,586,0.9213051823416507,1,721,92,137.2391304347826,0.0006510171555888891,0.4444444828051444,0.44438471344308783,11232.786852287847,0.2634563561752467,0.008396824502559684
Scale Sweep-50-run-008,50,815,5249,0.9166666666666666,0.23889484761459023,0.27629466377612455,0.3012723232356989,0.3031383629393875,0.44962076749435664,188,0.937984496124031,1,250,36,42,0.003634628612508758,0.43534390240033766,0.43500150873647825,10944.674129466901,0.30539460921146766,0.031239117861517972
Scale Sweep-100-run-008,100,845,5181,1,0.23785074332282533,0.2360361169929898,0.2674130820223955,0.25739278258555426,0.4513829962334946,229,0.9333333333333333,1,301,39,48.12820512820513,0.00336722493881731,0.39683274410385666,0.39707727589015196,12044.245258882589,0.2769300472794523,0.02019916467719095
Scale Sweep-200-run-008,200,875,10042,0.9761904761904762,0.2350780453653777,0.21817159622999738,0.2527897293341834,0.25189913072570613,0.41894655796065694,321,0.90625,0.9772727272727273,405,44,69.43181818181819,0.0019453574021457436,0.4522185163963338,0.4523183304091434,12052.28421775318,0.2592013214763669,0.020240658836371484
Scale Sweep-350-run-008,350,905,23941,1,0.23008334021845617,0.21650975972887834,0.2526571349319867,0.2736124229649465,0.3922436603491714,456,0.9453125,1,565,53,102.01886792452831,0.0014307812311630391,0.43478562844064333,0.4347946167982897,11781.57232303909,0.24792970765083627,0.014558637889877709
Scale Sweep-500-run-008,500,935,55328,1,0.2243767922781218,0.2356592172027363,0.26097543925089967,0.2745275549090143,0.36780377779781787,607,0.8844036697247707,1,721,72,146.36111111111111,0.0007994928814270752,0.4849936416002408,0.4849286425174266,12074.412548127126,0.25843703047245165,0.01017992321089673
Scale Sweep-50-run-009,50,816,3791,0.8974358974358975,0.2209909731592219,0.2634067180696035,0.2813757453106696,0.2539011073112885,0.4444693772516727,190,0.9411764705882353,1,250,42,40.30952380952381,0.0025012330445911357,0.4467563879611521,0.4466872799048578,12038.86613148529,0.26935704264939686,0.030040411034990114
Scale Sweep-100-run-009,100,846,5200,0.96875,0.20488724381184778,0.23894812930661752,0.2769185156174437,0.2702870393660737,0.41578257367149124,242,0.9171597633136095,1,301,36,49,0.0030364184596342538,0.48831441788299074,0.48842854225299437,12045.021553207576,0.28935022892584245,0.02287985782406591
Scale Sweep-200-run-009,200,876,10755,1,0.21951487904843822,0.24826313971249,0.27516975267373484,0.25815599583029736,0.4045950977616486,329,0.926923076923077,1,405,35,78,0.0028280324235470224,0.4752469120927323,0.47514900799254267,12051.099118069178,0.2652801870034904,0.018692371784112653
Scale Sweep-350-run-009,350,906,24243,1,0.23140785384984108,0.23892237715522124,0.25804453073268563,0.26422156592338,0.38091860406246225,465,0.9012987012987013,1,565,59,109.37288135593221,0.0015398793570424887,0.462745056813822,0.46268712499890086,12063.323283535588,0.25723780404572694,0.013107228128761016
Scale Sweep-500-run-009,500,936,54213,1,0.23889543737343433,0.19089167136581578,0.22048314139477873,0.23098424141598617,0.4051940821478417,577,0.8893280632411067,1,721,83,117.6144578313253,0.0008219597078480933,0.38637891638351746,0.38636026165197346,12074.482596377162,0.2196833153321355,0.010236966363701562
Scale Sweep-50-run-010,50,817,5054,0.975609756097561,0.2069129085717672,0.2603107113955528,0.2778583257982606,0.24074013974125968,0.42851926977687627,192,0.952,0.9767441860465116,250,43,41.41860465116279,0.0033620426294239465,0.448717014614405,0.4487454422212076,12038.847612969152,0.2639810787225848,0.027475679203709913
Scale Sweep-100-run-010,100,847,5323,0.8214285714285714,0.2267031895082094,0.25518977629438344,0.2551698717311319,0.26137562735129743,0.38735024087332315,237,0.9190751445086706,1,301,30,53.03333333333333,0.00461996726332435,0.44900672513794043,0.44897529122548385,12041.921405212985,0.26706633422833825,0.02102515660900991
Scale Sweep-200-run-010,200,877,11912,1,0.23004041047657262,0.22979197091780412,0.2707678514834737,0.27700026241524944,0.4278362196185551,318,0.9407114624505929,1,405,64,69.96875,0.001712728578569859,0.4574919170453444,0.4574465544920785,12048.967286972374,0.27183577120285696,0.015708416192878664
Scale Sweep-350-run-010,350,907,27219,1,0.23088729619998016,0.20653094356862325,0.24662901314690094,0.26600968370114303,0.37105584739842423,455,0.9491094147582697,1,565,81,98.61728395061728,0.0009412471029150097,0.40806146142044686,0.40786480093044997,11224.905055012663,0.24386669026859542,0.011550382856013439
Scale Sweep-500-run-010,500,937,48426,1,0.2358717752444243,0.20574018439511746,0.24184763057383926,0.2596372555263397,0.3691741580098125,599,0.9089147286821705,1,721,78,127.3076923076923,0.0009808146934680284,0.38901631828384126,0.38890557011396876,11181.023093674476,0.24422053949381295,0.012540319492512124
Scale Sweep-50-run-011,50,818,4868,1,0.2010352972465897,0.2701944527005317,0.29243129979222154,0.2858658427426668,0.42334252873563216,187,0.9403973509933775,0.96875,250,32,47.0625,0.0045229850239361475,0.5180802478641466,0.5179955785775481,10899.768867118695,0.28844549162915667,0.0267793456295565
Scale Sweep-100-run-011,100,848,6936,1,0.22716290829728353,0.2558969671179769,0.2809672623446188,0.2559452856239414,0.40217870047253007,242,0.9243243243243243,1,301,28,54.964285714285715,0.005593889618132407,0.47661022289580973,0.4764524006525912,12035.893085557114,0.2913661893327781,0.02466816822022131
Scale Sweep-200-run-011,200,878,9475,0.9722222222222222,0.2288122499680938,0.23326586014946094,0.27051363003860196,0.253933183286018,0.41821718167872013,335,0.8716981132075472,1,405,36,71.52777777777777,0.003021614522999787,0.42444685877196536,0.42428918886442113,12048.71723986797,0.2676951310319919,0.019013482173555873
Scale Sweep-350-run-011,350,908,23338,1,0.2274458682892503,0.22604029459869845,0.24604179370925555,0.2578281258048432,0.374117761044926,462,0.918918918918919,1,565,60,107.11666666666666,0.0010212901783879446,0.44689186003968523,0.4470189296598517,12062.72897610606,0.2459630748304489,0.015124302579780317
Scale Sweep-500-run-011,500,938,46111,1,0.23827998253105354,0.19708419962239504,0.21741102237065038,0.23166752296215767,0.38225297587294815,592,0.9156862745098039,1,721,79,121.77215189873418,0.0011485979886384499,0.3612954628829955,0.36135540153225576,12077.170343763793,0.21720945577616493,0.01130705435695129
Scale Sweep-50-run-012,50,819,6050,0.9210526315789473,0.2147270684022323,0.25934702684793853,0.2906462150401789,0.25120156099915103,0.4332561044860874,200,0.9172932330827067,1,250,40,40.275,0.0031269747248253072,0.4399226998669406,0.43992500043730076,10783.889087417629,0.2705337749662035,0.02820519138712788
Scale Sweep-100-run-012,100,849,6419,1,0.22593229219056363,0.24128440659863207,0.2823860804506019,0.2831676611870548,0.4156956486508387,239,0.9318181818181818,1,301,45,50.955555555555556,0.0029987663909846213,0.45816941578163645,0.45802982874099607,12042.796475408308,0.2921080897440623,0.021619456448816583
Scale Sweep-200-run-012,200,879,11827,0.9811320754716981,0.2122374356022085,0.24221010542361068,0.2883888975031357,0.28100629689799034,0.3834498756510199,336,0.8985507246376812,0.9818181818181818,405,55,74.69090909090909,0.001110193306932222,0.4888582771319769,0.4887331769528509,12064.753346469026,0.28435070509080673,0.018410467600065854
Scale Sweep-350-run-012,350,909,23177,0.9803921568627451,0.23098662895769126,0.19121581504655838,0.23081952047419282,0.24711164147457473,0.42343174249258697,436,0.9090909090909091,1,565,53,89.20754716981132,0.0019220514906321076,0.4075239422827541,0.4075113100844123,11249.447357986164,0.22867409541311431,0.0134039750343749
Scale Sweep-500-run-012,500,939,53258,1,0.2189687314463594,0.23345983226703607,0.26156809317968477,0.2782595031880168,0.36580565993051656,609,0.9020715630885122,1,721,81,145.88888888888889,0.0006527797113192416,0.4968521051934887,0.496662709990755,12074.144017378072,0.25558278441175925,0.01071586292566339
Scale Sweep-50-run-013,50,820,4799,0.8571428571428571,0.22381253047184613,0.26564715924092125,0.3185499752375513,0.2820264193956666,0.46236581196581195,194,0.8918918918918919,1,250,37,41.2972972972973,0.0035601792576320686,0.4563839350844912,0.4559026673786415,12037.68568980123,0.33376988459252827,0.03365585928748501
Scale Sweep-100-run-013,100,850,5961,1,0.2122722632430664,0.24775950931846363,0.25585631713309803,0.2446010245855036,0.44460027137748476,238,0.8870056497175142,1,301,37,50.37837837837838,0.0035615485952161722,0.5266978328377598,0.5266962117619363,12039.233099186778,0.26087419700739406,0.025309531062229187
Scale Sweep-200-run-013,200,880,8327,1,0.2406724738343981,0.23923681686850126,0.2706949823300783,0.2772785279771471,0.44240071610255866,312,0.9065040650406504,1,405,37,69.89189189189189,0.0023555807968270353,0.4326575146327763,0.43265106657442765,12049.40428462096,0.2728998981964236,0.022412729106564236
Scale Sweep-350-run-013,350,910,24477,1,0.24292693617520997,0.21810016924879608,0.2623375670927422,0.26799283947901004,0.3850783560624989,464,0.9041769041769042,1,565,71,103.2394366197183,0.0011363643116983266,0.4086912529508731,0.40860945882612665,12063.26963055776,0.2714490053888346,0.015011170491169866
Scale Sweep-500-run-013,500,940,47234,1,0.22930507057490773,0.21123538814210532,0.2542367908417392,0.26965628821177645,0.37755299197349784,581,0.9232245681381958,1,721,76,131.1578947368421,0.0008957376659606552,0.4386580247380603,0.4387321184656945,11219.266269171603,0.25088728345488265,0.01028935084730742
Scale Sweep-50-run-014,50,821,6991,0.8545454545454545,0.226849420242281,0.27089202840722,0.26640582190319895,0.2523546879282804,0.39360426287744227,206,0.9241379310344827,1,250,57,42.824561403508774,0.0025637377400095644,0.46287167114915256,0.46269583532149294,10707.130725506066,0.277543450229089,0.02834819083540146
Scale Sweep-100-run-014,100,851,6151,0.9318181818181818,0.20444580052338984,0.2549707500543567,0.28461562487280895,0.2665631486599367,0.4177209482673111,237,0.9709302325581395,1,301,44,54.61363636363637,0.002585325432527555,0.4965738321162226,0.49656602658590354,11043.077644074154,0.2719194235654703,0.021916096681416055
Scale Sweep-200-run-014,200,881,11290,1,0.2163669574111579,0.23898115802591474,0.26991638980863597,0.2675973679378848,0.3618537700050873,358,0.8833333333333333,1,405,55,76.9090909090909,0.0014720149447712562,0.4622659594081047,0.46200157462184865,10821.873490726879,0.26398524469121704,0.018137231188292992
Scale Sweep-350-run-014,350,911,23790,1,0.22026085491768324,0.22908399537031968,0.2562666373459478,0.2781984240403587,0.37465100722659034,469,0.9147869674185464,1,565,57,108.66666666666667,0.0009611824043487496,0.4729888189240348,0.4727037334757134,12053.946597337952,0.26090355604025756,0.012002733105438698
Scale Sweep-500-run-014,500,941,49886,1,0.235509985490472,0.21346018973279873,0.25050537422392244,0.2665361201104542,0.36572904604970163,597,0.9073724007561437,1,721,78,134.1153846153846,0.0009102421131784732,0.4189421557218573,0.4188203182397734,11964.187014873032,0.24935945397010295,0.011507212041509077
Scale Sweep-50-run-015,50,822,5045,0.9428571428571428,0.23525899886869833,0.2664659882991233,0.28676978801457537,0.2785086530201413,0.42077578752316247,201,0.9612403100775194,0.9722222222222222,250,36,40.611111111111114,0.00535962350976246,0.42131862461088077,0.42186246736237254,11344.052204281263,0.2742853693905797,0.027078536621559592
Scale Sweep-100-run-015,100,852,6343,0.9117647058823529,0.2207819505528848,0.26234378419207927,0.2867285644822312,0.27970117097066693,0.410835675951955,242,0.9308510638297872,1,301,34,56.970588235294116,0.004572195675534837,0.47860362068854695,0.47845121851747763,11091.137131374788,0.2891892388520047,0.02467495250026396
Scale Sweep-200-run-015,200,882,11727,0.9782608695652174,0.22292518560544297,0.24972237926720178,0.27078143301655416,0.26095753030641955,0.37479235702995795,338,0.8908450704225352,1,405,47,78.72340425531915,0.00197474575140426,0.48314533954355593,0.48259141580937404,11769.577351873711,0.2638147615788726,0.016444142966463255
Scale Sweep-350-run-015,350,912,24517,1,0.23585319893015746,0.19566028901107335,0.22031975274037455,0.23131285237135818,0.40586767639370935,451,0.9021164021164021,1,565,75,90.6,0.0014683811711543816,0.4253655502635569,0.42511476169101603,12065.342413917675,0.218973161319471,0.015212163264586938
Scale Sweep-500-run-015,500,942,53113,1,0.23638631960525278,0.2116878391335709,0.24718626198470672,0.25223401709725,0.3687097597305161,615,0.8781362007168458,1,721,76,130.89473684210526,0.0006251716410653646,0.3694359779247255,0.36940479480187105,10946.259618042062,0.2503526284564428,0.01107593756259723
Scale Sweep-50-run-016,50,823,4340,1,0.210557365915855,0.24693937862250773,0.2854273146918601,0.2637876721461263,0.40040233918128654,201,0.9285714285714286,1,250,37,43.86486486486486,0.005359818031307659,0.47117439413962875,0.4709938695060054,12036.493115995632,0.26709767768590975,0.02958649243561601
Scale Sweep-100-run-016,100,853,5869,0.9487179487179487,0.23896338193759015,0.24169884585345863,0.27909147018337976,0.2686844115992702,0.40841918582183223,245,0.9090909090909091,1,301,39,52.23076923076923,0.004412604445837599,0.4183296452518957,0.4185698842537393,12042.71385415331,0.27969388138540313,0.027054597430756663
Scale Sweep-200-run-016,200,883,10936,0.975609756097561,0.212799777053524,0.2474084513274938,0.2547442501934423,0.2679133337068905,0.3944230969320575,316,0.9256505576208178,1,405,41,78.17073170731707,0.0021616770475731944,0.4924742915053607,0.4924166816984079,11856.178168748478,0.2602981659930084,0.017694648231694567
Scale Sweep-350-run-016,350,913,26013,1,0.2121304453297319,0.23042903189364836,0.25965431286127105,0.2676236638143438,0.37861678153469136,457,0.8957816377171216,1,565,72,107.41666666666667,0.0007129047061099666,0.4936350595088983,0.4948202890665705,12106.991108162547,0.26020677845655293,0.013314314727626106
Scale Sweep-500-run-016,500,943,52671,0.9705882352941176,0.23245314772114686,0.23060017974062874,0.26657166739056604,0.2723220696234693,0.37348748293668405,623,0.868421052631579,1,721,71,140.5211267605634,0.0006303125316345691,0.4495955941908002,0.4495309833081105,10769.807374582866,0.2681004983419607,0.009186412064749171
Scale Sweep-50-run-017,50,824,3560,0.9714285714285714,0.21852778675570236,0.268841368441104,0.32180326399021797,0.27133865823846537,0.4416168327796235,197,0.9354838709677419,1,250,37,41.5945945945946,0.0033340820347020433,0.49838949641490793,0.4978157301650983,11062.829636401026,0.31921347168873965,0.02509799741461595
Scale Sweep-100-run-017,100,854,5537,0.9666666666666667,0.22871234880208116,0.2489589378944739,0.30212630387674383,0.2922016624344423,0.45295533051578024,225,0.9239766081871345,1,301,31,49.58064516129032,0.004397901856861511,0.4506687738232787,0.450469723262366,12043.11727876934,0.3156768169470385,0.026908033442173095
Scale Sweep-200-run-017,200,884,13718,0.9767441860465116,0.22130556710394514,0.23587077997174982,0.27760188882282044,0.2786895290869726,0.41558091668830266,315,0.9333333333333333,1,405,43,71.93023255813954,0.002701268828436645,0.4998385691383214,0.4997799438186419,11552.703884593304,0.29094085725074004,0.018186232454144285
Scale Sweep-350-run-017,350,914,25055,0.9821428571428571,0.22889998493490712,0.23432467164734597,0.2554272226199073,0.26898690738504466,0.3663934796651576,464,0.9152119700748129,1,565,58,108.34482758620689,0.0012365774194571652,0.45899180588885663,0.45875954760750304,12063.377085313983,0.250716667117775,0.014323600253149047
Scale Sweep-500-run-017,500,944,51966,1,0.22528916630751722,0.23459566431564524,0.2603511485139777,0.26853731248520213,0.367465252116506,602,0.9024856596558317,1,721,66,144.13636363636363,0.0007577950058702966,0.4779002156664118,0.47789193344629943,12076.033781841828,0.25450806956617705,0.01046658745761269
Scale Sweep-50-run-018,50,825,5433,0.9130434782608695,0.22440952365108843,0.2709761806821323,0.3130386225629177,0.26067805689643836,0.46523270440251574,200,0.8632478632478633,1,250,24,41.166666666666664,0.006267921856378922,0.46832251883623005,0.46827517964533105,10695.903520606173,0.3295018553479303,0.03094822269628282
Scale Sweep-100-run-018,100,855,4957,1,0.21401294214706554,0.22887368649079526,0.2962730980279995,0.29611833512153984,0.44254271476032275,224,0.9655172413793104,1,301,29,50.241379310344826,0.002828161685643961,0.4666267186469589,0.4666123885690616,11270.786832089252,0.28942136448658334,0.024190892657954127
Scale Sweep-200-run-018,200,885,10009,1,0.21392125776022192,0.2443507990178869,0.2718217918322462,0.26569426445130034,0.3998083701194265,331,0.917910447761194,1,405,40,75.975,0.0016960745179456272,0.48604656175251604,0.4859894520253214,12049.914242057665,0.25935202003194935,0.018575494249542066
Scale Sweep-350-run-018,350,915,29431,1,0.22446600990268445,0.21445496505433204,0.2625244677687291,0.26520527286800516,0.3824466321062645,469,0.9095477386934674,1,565,79,99.18987341772151,0.0006858545961392468,0.4316916807487692,0.4316660906254295,11581.262364581286,0.25816438787005974,0.012611494019853202
Scale Sweep-500-run-018,500,945,52687,1,0.22184555080684165,0.22492353418661976,0.24511901274966458,0.2660379067465434,0.3580940789152759,604,0.9010989010989011,1,721,69,141.08695652173913,0.0009554237156960103,0.4713503030014717,0.47133678556882264,12071.391077826438,0.24136896959797965,0.009812602025312376
Scale Sweep-50-run-019,50,826,5071,0.9090909090909091,0.2188724989088287,0.2734913197612272,0.28767041027074564,0.2643039203460246,0.409119018404908,198,0.9485294117647058,1,250,34,43.029411764705884,0.004007718560002102,0.507438507397775,0.507424215239993,10647.921128446098,0.2956243686898268,0.026085897664094738
Scale Sweep-100-run-019,100,856,6212,0.9473684210526315,0.23739700392837002,0.24883421959862992,0.2823058034943343,0.2858395238705626,0.41197849636785716,237,0.9341317365269461,1,301,39,50.46153846153846,0.0036773299042417353,0.4509856321663048,0.4508828578514066,12040.719370168004,0.28854656247254284,0.01939921648850015
Scale Sweep-200-run-019,200,886,10626,0.9787234042553191,0.23486349303527018,0.2346338206328886,0.2552595059428491,0.2607234123135104,0.3805571164279353,333,0.9236641221374046,1,405,48,73.04166666666667,0.0032985412432637584,0.44249169642458736,0.4423839032530299,12043.75883160381,0.26293363556932553,0.02033361257209318
Scale Sweep-350-run-019,350,916,25310,0.9836065573770492,0.2205439095256599,0.23546660563454402,0.2513131042362986,0.2577941155781802,0.3817268726727598,469,0.9037974683544304,1,565,65,108.32307692307693,0.0006550124512063964,0.4735301518450301,0.47343484098937116,12063.843635221248,0.2510531678425253,0.01635785394562473
Scale Sweep-500-run-019,500,946,51780,1,0.23750848268005773,0.18969418922849587,0.21149208783671003,0.22284759407016652,0.3930407682054519,573,0.904572564612326,1,721,94,117.12765957446808,0.0009385658077333037,0.4025799481774235,0.40251722512810617,12074.543890746801,0.20652277801170818,0.010755635603643088
Scale Sweep-50-run-020,50,827,4575,0.9285714285714286,0.1990048611531037,0.2727506708826816,0.291731833443003,0.2558755541978553,0.4152490974729242,201,0.9507042253521126,1,250,43,45.69767441860465,0.002710942056027898,0.5096973226358114,0.5097923075290962,12038.471083970573,0.30149796413442376,0.025088470684862755
Scale Sweep-100-run-020,100,857,5147,0.9375,0.2567883954057088,0.23704023870460503,0.27906279092858055,0.26754587461898705,0.4898450836071291,217,0.9453125,1,301,32,42.5625,0.0051065199052897775,0.389737868089031,0.3894378683593951,11288.348201330466,0.28754992492477016,0.02260959280674744
Scale Sweep-200-run-020,200,887,12799,0.9827586206896551,0.23550463504120958,0.23029008726951708,0.25360312011812847,0.2615106465914252,0.42536795594298044,317,0.9116465863453815,1,405,59,70.69491525423729,0.0016586397429803562,0.44553955563799796,0.44553826010542497,11846.58757653935,0.2578018583567014,0.015851077726382265
Scale Sweep-350-run-020,350,917,25467,1,0.22772527919039354,0.233691688729986,0.2645155503188327,0.2656556811581515,0.37614491468863515,478,0.8872549019607843,1,565,61,107.93442622950819,0.0008484672533988097,0.4581127922402887,0.45804845538944594,12061.920431220547,0.2584199317555357,0.01229472801514441
Scale Sweep-500-run-020,500,947,45773,1,0.23525270802992393,0.20447221512376135,0.23521959909465381,0.24473792526976704,0.37621059533899065,619,0.8552875695732839,1,721,71,124.80281690140845,0.0010302377292958226,0.3920889541539232,0.3922024237770996,12076.782520753903,0.2338820052286418,0.010550494626763668
Scale Sweep-50-run-021,50,828,4418,1,0.20589026722980663,0.2760703577994296,0.29075857077856454,0.2562597198399993,0.4207600281491907,195,0.9323308270676691,1,250,27,44.333333333333336,0.005047158783773381,0.47530369130057337,0.47530507845065895,11024.865957557524,0.2839440430516985,0.025789092162980268
Scale Sweep-100-run-021,100,858,6408,0.9696969696969697,0.22043313828401154,0.2535271634411173,0.2807528351750386,0.272554403103478,0.404877514512066,235,0.9202127659574468,1,301,33,54.24242424242424,0.004304650755211975,0.47090478242101397,0.47071043268288393,12040.949750630298,0.28654031953106385,0.024136784191295616
Scale Sweep-200-run-021,200,888,14101,0.975609756097561,0.2252616952693295,0.2379782755117764,0.2766051291884938,0.2799330600455198,0.410344927284818,326,0.9362549800796812,1,405,43,74.4186046511628,0.0016304920090312526,0.43780341227780095,0.4376511601421098,12052.555880654641,0.2748292343456543,0.018231453743865644
Scale Sweep-350-run-021,350,918,23553,1,0.2358719175015845,0.21811455071078495,0.2610989154178896,0.27679447561420345,0.3702678398843591,464,0.9170854271356784,1,565,59,101.42372881355932,0.0010427279185278601,0.43012126550541085,0.43011171259396197,12059.02233691343,0.2578723112945533,0.014916960853415819
Scale Sweep-500-run-021,500,948,44094,1,0.23257392236267765,0.2169112478891537,0.24102608309362408,0.2516696736397244,0.37824249984585845,604,0.8918406072106262,1,721,65,133.30769230769232,0.0007614733395367142,0.4342142423888157,0.4341440598721482,12074.191991265163,0.2358088866549267,0.00860666302319268
Scale Sweep-50-run-022,50,829,4973,0.9285714285714286,0.20431822771009653,0.23979696374756115,0.2805951259461927,0.27885588163996583,0.46114,185,0.9316239316239316,1,250,29,37.310344827586206,0.005729602941733775,0.5037382332190632,0.5037073894294994,11115.483648058793,0.28477990037470363,0.027052598494842383
Scale Sweep-100-run-022,100,859,5128,0.975,0.23931213704577017,0.24652260064061043,0.2908263323711448,0.27536285307732317,0.4589935654386247,231,0.910958904109589,1,301,40,48.1,0.0042065142244071775,0.45211377910364564,0.4518699739952512,12039.672223604197,0.2825535761216446,0.025564913953884785
Scale Sweep-200-run-022,200,889,13768,1,0.21477511952872294,0.2440864910007007,0.2759002744602114,0.28507610400753713,0.4156889809063722,322,0.914179104477612,1,405,46,77.76086956521739,0.002107929169322347,0.5261581819208705,0.5259554212061464,12042.128088030722,0.2828053522995688,0.017172857008026763
Scale Sweep-350-run-022,350,919,30918,1,0.23460681915279677,0.21451233409891243,0.24533846831261996,0.26197883056421545,0.39625195210827696,459,0.9166666666666666,1,565,79,99.0506329113924,0.0011920824167945723,0.42245496853238884,0.42241849725486724,12060.975550200801,0.24895329631423435,0.010924195630675029
Scale Sweep-500-run-022,500,949,46862,1,0.22155318158036916,0.22681390972253304,0.25705456438031576,0.26610521099155887,0.3836198568502576,597,0.9117647058823529,1,721,73,137.72602739726028,0.00029890999447029044,0.4566649569905303,0.4564905346674999,12085.735473030212,0.2530357918305726,0.010678318320830453
Scale Sweep-50-run-023,50,830,5497,1,0.20550683289220373,0.24484692191142574,0.31116107283669076,0.2901034109240723,0.46125866666666665,193,0.8861788617886179,1,250,26,38.92307692307692,0.005044547666400294,0.4729705723539426,0.47294374529723004,11651.771791801022,0.3179197080298679,0.02711873071247196
Scale Sweep-100-run-023,100,860,5457,0.9642857142857143,0.21829077366686866,0.24221956431880654,0.29143335075411914,0.2522797943380706,0.44611060316655654,242,0.8940397350993378,1,301,29,46.93103448275862,0.004086339066632377,0.4661557778074811,0.4660197049970134,12041.520591459639,0.2885452167229753,0.03116354912485967
Scale Sweep-200-run-023,200,890,14293,0.9814814814814815,0.20621442565465245,0.2313582730443811,0.27547067351586596,0.28266302428272,0.41741015348839927,321,0.9390243902439024,1,405,55,70.78181818181818,0.0015636675351489147,0.4911296527335727,0.4909677633934195,12052.074405642925,0.2792993001496647,0.01860690149583513
Scale Sweep-350-run-023,350,920,27219,0.9873417721518988,0.21806530862731877,0.2384163238462428,0.2661482088020708,0.27956614229663057,0.3656604227227937,471,0.8985148514851485,1,565,80,111.25,0.0009247148101571446,0.48215245566,0.4820756826817554,11753.830892586704,0.26459258420704934,0.012105815958699362
Scale Sweep-500-run-023,500,950,39696,1,0.23419184322294673,0.20504860449744486,0.25012742438843655,0.268394357471422,0.36811057361613836,601,0.9079189686924494,1,721,73,130.24657534246575,0.0010219168702739925,0.40549999564684786,0.4054866469812748,12074.840354938045,0.24622710187387747,0.012185744933153081
Scale Sweep-50-run-024,50,831,6867,0.9487179487179487,0.18867616190224218,0.2504655008403387,0.2775611940935357,0.2632493543298073,0.4141444077394998,192,0.9419354838709677,1,250,41,45.24390243902439,0.0019151701477584558,0.5033711975185599,0.5030714445829436,12028.23203921469,0.2882049863837855,0.027007610579730744
Scale Sweep-100-run-024,100,861,6603,0.975609756097561,0.21779969840072294,0.2611593902207024,0.3018971652235642,0.2971729821214085,0.3774898702713746,245,0.8955223880597015,1,301,42,56.92857142857143,0.0027217749208419202,0.5020183690006875,0.5019264809303343,11660.013062099053,0.29275968916290884,0.02139503397037147
Scale Sweep-200-run-024,200,891,15003,0.9795918367346939,0.22317561956952114,0.24117495780976922,0.2621879097817976,0.265291343955122,0.3861211260424633,338,0.9253731343283582,1,405,51,75.70588235294117,0.0019043722393895584,0.4846822992382671,0.48459748111115775,11534.467854285578,0.27678877825287185,0.023135185718559593
Scale Sweep-350-run-024,350,921,22839,1,0.23535512335871767,0.2061166663805886,0.23042448933420304,0.25712505069791597,0.37962431153190884,449,0.9370277078085643,1,565,55,98.85454545454546,0.0015427516552628886,0.39827561332501915,0.3981636857734181,12052.32990387286,0.23438077447698333,0.015475720400619983
Scale Sweep-500-run-024,500,951,46672,1,0.238821298878148,0.21673554587002344,0.25193517102239305,0.2647790499503335,0.3714600485928724,611,0.8890977443609023,1,721,72,133.27777777777777,0.0008223940081840243,0.41691902066340775,0.41691722792730923,12075.209748113884,0.2507590788472319,0.010515137049091587
Scale Sweep-50-run-025,50,832,4700,0.90625,0.21657172199771607,0.26279703356528483,0.3020033934947206,0.2857321149517733,0.39387072243346005,197,0.9152542372881356,1,250,34,40.088235294117645,0.005535971782407204,0.44061467064393633,0.4410096772267327,12036.964794050755,0.32466156368086446,0.027626828664014957
Scale Sweep-100-run-025,100,862,6618,0.9333333333333333,0.21324412772224166,0.23836305152467036,0.2507151560250017,0.25064068827984565,0.4154581286559495,234,0.9226519337016574,1,301,34,52.35294117647059,0.0027650468691467803,0.4635773500478707,0.46266913886823646,10999.84422055585,0.26959189881311946,0.023154273052549332
Scale Sweep-200-run-025,200,892,12887,0.9795918367346939,0.22363525868460157,0.23812829413983014,0.26329736698098294,0.2780317655939625,0.4316102340052295,319,0.9149797570850202,1,405,50,70.54,0.001735452945075201,0.483866303448977,0.4838044116769653,11791.296274887007,0.26765502810256464,0.0181688305671378
Scale Sweep-350-run-025,350,922,28429,1,0.23039855432900536,0.2231880186373007,0.2456300809444976,0.2600370697808555,0.3959097591299526,457,0.905940594059406,1,565,60,103.85,0.0011681680863693043,0.4328507439855151,0.4325426060277313,12064.338738579141,0.24408385300983143,0.01496021743612079
Scale Sweep-500-run-025,500,952,58831,1,0.23026687140507962,0.23302206934429107,0.2497114257559728,0.2649918525283193,0.34871577541480453,616,0.8896925858951176,1,721,93,146.79569892473117,0.0008002998371500782,0.4675869490905966,0.46747521691325056,11745.485885771557,0.25128864205409085,0.010019872374671487
Scale Sweep-50-run-026,50,833,4152,0.8620689655172413,0.22113682343263683,0.262703204356149,0.30166324834167624,0.2760446283633366,0.47268745003996804,180,0.923728813559322,1,250,30,37.53333333333333,0.004592376996347882,0.5059345114976036,0.5058451693059134,11734.270324569707,0.3237928280693433,0.03146634038165125
Scale Sweep-100-run-026,100,863,5623,0.9782608695652174,0.22097509209966887,0.24765230609432706,0.30821258697086407,0.3039198837916902,0.40820432200735685,236,0.9180327868852459,0.9787234042553191,301,47,50.93617021276596,0.0023557429496116303,0.4538239804689516,0.4538192976299944,10701.04556327581,0.3156759959505621,0.023677477910039782
Scale Sweep-200-run-026,200,893,12086,0.9393939393939394,0.21309935460682977,0.24136614423791938,0.2598010759626289,0.2615888790185181,0.3730472518855181,327,0.9397163120567376,1,405,36,77.5,0.0023515601020660877,0.46386703994889744,0.4638793253119695,12050.342348496413,0.2732778385662577,0.019290243599380134
Scale Sweep-350-run-026,350,923,33019,1,0.22000755829071023,0.24044795356064363,0.26916439925251395,0.2741288415485397,0.37988695521477145,463,0.8973105134474327,1,565,66,111.0909090909091,0.0008724736660003285,0.49882792063781295,0.49881522902821507,11320.152518424393,0.2654193232069709,0.012650817314487552
Scale Sweep-500-run-026,500,953,59900,1,0.2251562968397654,0.23248602830809215,0.25306574906489676,0.26546690959888714,0.36778725759184167,594,0.9075471698113208,1,721,89,144.58426966292134,0.0006389566428120948,0.47113023563875656,0.4710242725305578,11934.67511972104,0.24949008230725814,0.010388821796347309
Scale Sweep-50-run-027,50,834,5201,0.9375,0.23068214874629064,0.2559697860304424,0.3082752231023014,0.28883890548039887,0.43383014673188086,195,0.9504132231404959,1,250,51,38.470588235294116,0.0028674660919846507,0.4504193402567127,0.45041458579946436,12038.737933130087,0.31546242633573246,0.029752432059658294
Scale Sweep-100-run-027,100,864,7560,0.90625,0.24322184083610837,0.23812353355947213,0.2498419240522892,0.267534816468574,0.4405820613912134,219,0.9054054054054054,1,301,32,47.53125,0.005260227019884991,0.4099159749551401,0.40977052620106846,12041.827014846038,0.2706159479780228,0.028506708334411806
Scale Sweep-200-run-027,200,894,13365,1,0.21127356739108138,0.25023333517180535,0.2812149082732986,0.287761618850989,0.38628148429611336,322,0.9340659340659341,1,405,41,79.34146341463415,0.0019604057095699854,0.5090560559155654,0.5090002882851277,10639.7880679065,0.2702403270299249,0.018715748746194395
Scale Sweep-350-run-027,350,924,26406,1,0.2108672354703242,0.23508548145643315,0.25660833469138844,0.2660434725011371,0.40096849946380125,460,0.8987012987012987,1,565,52,107.59615384615384,0.0013094369504766932,0.4994284113420376,0.49950195200331726,12067.926704435433,0.252910927643626,0.01339343923541709
Scale Sweep-500-run-027,500,954,64983,1,0.22692202973238873,0.20826025906635684,0.2619413087900919,0.26877884214372133,0.3654852966717327,593,0.9068441064638784,0.9880952380952381,721,84,128.38095238095238,0.00046903390310677566,0.43114281404789134,0.43108054675049967,11121.394109575294,0.25496588944291027,0.011889601918878568
Scale Sweep-50-run-028,50,835,4322,0.8125,0.2117598712694622,0.27345414614645885,0.26936831317839016,0.2418655486652234,0.41362874251497006,198,0.9178082191780822,0.9696969696969697,250,33,45.93939393939394,0.004382719585963994,0.5036984542598442,0.5036022990744127,10765.886640860776,0.2829372198391155,0.025969153927227356
Scale Sweep-100-run-028,100,865,8172,0.972972972972973,0.21777868256308008,0.2548864493885266,0.28593000359977394,0.27654411209748764,0.39855495481177433,252,0.8972972972972973,1,301,37,54.86486486486486,0.004251145627878778,0.4743013448422852,0.4742371103898808,12039.96290036802,0.2907458288994749,0.02296912514998535
Scale Sweep-200-run-028,200,895,14831,1,0.22894261700270777,0.2400752774484704,0.28425501915872775,0.2859648007191982,0.40322129678854823,333,0.8796992481203008,1,405,72,71.43055555555556,0.0013244286823351947,0.47296080304167804,0.47293847296905844,11515.571681175674,0.27862985641121557,0.016014492488852665
Scale Sweep-350-run-028,350,925,34991,1,0.21447779259315672,0.23503985974600936,0.2580956105106366,0.26665843007083806,0.3629027400103236,480,0.9073170731707317,1,565,72,112.19444444444444,0.0010298479147852558,0.4796190784757349,0.47959178924377155,12061.986017110874,0.26515131481713816,0.01323837866931533
Scale Sweep-500-run-028,500,955,56928,1,0.21936554520528992,0.22219901836557196,0.2562565488999127,0.2764716131333341,0.37098281731390154,590,0.9108527131782945,1,721,68,137.26470588235293,0.000886415745541183,0.4711827220984596,0.4711220250286372,12074.089423173999,0.2597302872695489,0.010935735470034253
Scale Sweep-50-run-029,50,836,5279,0.9032258064516129,0.21268853422519488,0.25022616985347224,0.30455625138431647,0.27640948673654514,0.44265391969407264,200,0.9015151515151515,1,250,33,41.75757575757576,0.003542829590712065,0.45771329951160067,0.4573106865976493,10902.20337123339,0.3196257336672487,0.02923897421083147
Scale Sweep-100-run-029,100,866,7071,0.9523809523809523,0.2159178367072271,0.25065812105347957,0.2719285917035186,0.2623199703345339,0.4240168260221848,240,0.9034090909090909,1,301,44,51.27272727272727,0.0023704153315628074,0.4571840791196122,0.4574567037682993,10988.74709633631,0.2949418945826698,0.023978165187222608
Scale Sweep-200-run-029,200,896,10207,0.9512195121951219,0.2146489334522467,0.245578679956065,0.2730157514783897,0.27474184171724253,0.3934008498485384,321,0.9133574007220217,1,405,42,77.5952380952381,0.0018628800612696596,0.49537408747298683,0.49514745737909593,11496.728026070898,0.27592447951462096,0.017109030698781096
Scale Sweep-350-run-029,350,926,33222,1,0.22491410367803194,0.23122547788711867,0.2596431348576905,0.26971639477600257,0.3721014115430183,465,0.9154228855721394,1,565,63,108.19047619047619,0.0014175839687845307,0.45250938302416194,0.4524548894414575,11467.389836028067,0.2596120640261659,0.012367282626926945
Scale Sweep-500-run-029,500,956,46028,1,0.244063829762057,0.19154958667212396,0.20448226130438912,0.21348179398147762,0.42705146245600134,569,0.9042553191489362,1,721,67,114.70149253731343,0.0011268680348989805,0.3692458394970974,0.36906338011732176,12076.435359118455,0.20244081005918552,0.011299370079288332
Scale Sweep-50-run-030,50,837,5398,0.9705882352941176,0.207985573418241,0.2655175615166864,0.3003160179910823,0.2654010455702195,0.4197558886509636,192,0.918918918918919,1,250,36,45.22222222222222,0.002758396272795637,0.46772025072686463,0.46775881141226483,12041.665935750647,0.3003531783567305,0.02774144297590944
Scale Sweep-100-run-030,100,867,4494,0.95,0.24733090758723114,0.23881940960092646,0.22729657855559374,0.20463636152914727,0.4482288869673387,219,0.891566265060241,1,301,20,49.35,0.007091824031619816,0.3838620685514711,0.38360325916362625,11263.292253802008,0.24942121690803506,0.031552938406251486
Scale Sweep-200-run-030,200,897,15644,1,0.2235222914974402,0.23487141401402103,0.25614854532198367,0.25573018256087804,0.40298997864300967,328,0.924812030075188,1,405,53,72.28301886792453,0.0018762610399313733,0.4593701123797499,0.45922449534452325,12047.614428232648,0.2556596539948409,0.01793053974615813
Scale Sweep-350-run-030,350,927,33667,1,0.21996643002745947,0.23621856375156416,0.2616924619649923,0.26084346278331183,0.3693808687049091,474,0.9066339066339066,1,565,75,111.16,0.0008931340119852013,0.4794373121768174,0.4793311350596585,12062.825202288901,0.2604706386815255,0.012534498023446436
Scale Sweep-500-run-030,500,957,46230,1,0.23397098496629648,0.21049361962108093,0.2534933079885602,0.27318423404376896,0.3746097636282548,588,0.9197651663405088,1,721,84,130.36904761904762,0.0009539970430480141,0.40764469483135596,0.4075188227177442,11262.066289159173,0.2560805804636368,0.007855048697832462